-- MySQL dump 10.13  Distrib 5.1.58, for debian-linux-gnu (x86_64)
--
-- Host: localhost    Database: plannerImport
-- ------------------------------------------------------
-- Server version	5.1.58-1ubuntu1

/*!40101 SET @OLD_CHARACTER_SET_CLIENT=@@CHARACTER_SET_CLIENT */;
/*!40101 SET @OLD_CHARACTER_SET_RESULTS=@@CHARACTER_SET_RESULTS */;
/*!40101 SET @OLD_COLLATION_CONNECTION=@@COLLATION_CONNECTION */;
/*!40101 SET NAMES utf8 */;
/*!40103 SET @OLD_TIME_ZONE=@@TIME_ZONE */;
/*!40103 SET TIME_ZONE='+00:00' */;
/*!40014 SET @OLD_UNIQUE_CHECKS=@@UNIQUE_CHECKS, UNIQUE_CHECKS=0 */;
/*!40014 SET @OLD_FOREIGN_KEY_CHECKS=@@FOREIGN_KEY_CHECKS, FOREIGN_KEY_CHECKS=0 */;
/*!40101 SET @OLD_SQL_MODE=@@SQL_MODE, SQL_MODE='NO_AUTO_VALUE_ON_ZERO' */;
/*!40111 SET @OLD_SQL_NOTES=@@SQL_NOTES, SQL_NOTES=0 */;

--
-- Table structure for table `account`
--

DROP TABLE IF EXISTS `account`;
/*!40101 SET @saved_cs_client     = @@character_set_client */;
/*!40101 SET character_set_client = utf8 */;
CREATE TABLE `account` (
  `id` int(11) NOT NULL AUTO_INCREMENT,
  `name` varchar(255) COLLATE utf8_unicode_ci NOT NULL,
  `created` datetime NOT NULL,
  `active` tinyint(1) NOT NULL,
  PRIMARY KEY (`id`)
) ENGINE=InnoDB AUTO_INCREMENT=36 DEFAULT CHARSET=utf8 COLLATE=utf8_unicode_ci;
/*!40101 SET character_set_client = @saved_cs_client */;

--
-- Dumping data for table `account`
--

LOCK TABLES `account` WRITE;
/*!40000 ALTER TABLE `account` DISABLE KEYS */;
INSERT INTO `account` VALUES (1,'Dad','2013-07-05 11:12:28',1),(2,'RAC','2013-07-05 11:12:39',1),(3,'UKTSDF','2013-07-05 11:12:57',1),(4,'RSPCA','2013-07-05 11:13:10',1),(5,'Taylors','2013-07-05 11:13:25',1),(6,'HomeLet','2013-07-05 11:14:52',1),(7,'BBC','2013-07-05 11:15:10',1),(8,'HeartInternet','2013-07-05 11:15:29',1),(9,'Luton Borough Council','2013-07-05 11:15:41',1),(10,'First Capital Connect','2013-07-05 11:16:01',1),(11,'Virgin Media','2013-07-05 11:16:26',1),(12,'Water Aid','2013-07-05 11:16:39',1),(13,'Centre point Soho','2013-07-05 11:18:28',1),(14,'Barclays Partner Finance','2013-07-05 11:19:25',1),(15,'Santander','2013-07-05 11:19:40',1),(16,'Spotify','2013-07-05 11:20:04',0),(17,'Imagine Publishing','2013-07-05 11:21:06',1),(18,'Telefonica Uk','2013-07-05 11:21:52',1),(19,'Everyday Account','2013-07-05 11:24:18',1),(20,'LessRain','2013-07-05 11:32:48',1),(21,'Jennie','2013-07-05 12:29:35',1),(22,'Savings Account','2013-07-07 19:24:12',1),(23,'SpecSavers','2013-07-10 14:16:38',1),(24,'Eaton green motors','2013-07-23 22:41:58',1),(25,'Steve','2013-07-28 12:46:19',1),(26,'Bel','2013-07-28 12:46:25',1),(27,'Greg','2013-07-28 12:46:31',1),(28,'Julie','2013-07-28 12:59:17',1),(29,'DVLA','2013-07-28 21:04:00',1),(30,'Shell','2013-07-29 15:54:04',1),(31,'Analyse','2013-07-29 15:56:40',1),(32,'Boots','2013-07-29 16:02:00',1),(33,'Danny','2013-07-29 17:26:09',1),(34,'High Town Repair Shop','2013-07-30 09:39:25',1),(35,'ATM','2013-07-30 09:51:52',1);
/*!40000 ALTER TABLE `account` ENABLE KEYS */;
UNLOCK TABLES;

--
-- Table structure for table `cmsuser`
--

DROP TABLE IF EXISTS `cmsuser`;
/*!40101 SET @saved_cs_client     = @@character_set_client */;
/*!40101 SET character_set_client = utf8 */;
CREATE TABLE `cmsuser` (
  `id` int(11) NOT NULL AUTO_INCREMENT,
  `firstname` varchar(255) COLLATE utf8_unicode_ci NOT NULL,
  `lastname` varchar(255) COLLATE utf8_unicode_ci NOT NULL,
  `email` varchar(255) COLLATE utf8_unicode_ci NOT NULL,
  `username` varchar(255) COLLATE utf8_unicode_ci NOT NULL,
  `password` varchar(255) COLLATE utf8_unicode_ci NOT NULL,
  `created` datetime NOT NULL,
  `active` tinyint(1) NOT NULL,
  PRIMARY KEY (`id`)
) ENGINE=InnoDB DEFAULT CHARSET=utf8 COLLATE=utf8_unicode_ci;
/*!40101 SET character_set_client = @saved_cs_client */;

--
-- Dumping data for table `cmsuser`
--

LOCK TABLES `cmsuser` WRITE;
/*!40000 ALTER TABLE `cmsuser` DISABLE KEYS */;
/*!40000 ALTER TABLE `cmsuser` ENABLE KEYS */;
UNLOCK TABLES;

--
-- Table structure for table `date`
--

DROP TABLE IF EXISTS `date`;
/*!40101 SET @saved_cs_client     = @@character_set_client */;
/*!40101 SET character_set_client = utf8 */;
CREATE TABLE `date` (
  `id` int(11) NOT NULL AUTO_INCREMENT,
  `date` date NOT NULL,
  `transactionTotal` decimal(10,2) NOT NULL,
  `created` datetime NOT NULL,
  PRIMARY KEY (`id`)
) ENGINE=InnoDB AUTO_INCREMENT=456 DEFAULT CHARSET=utf8 COLLATE=utf8_unicode_ci;
/*!40101 SET character_set_client = @saved_cs_client */;

--
-- Dumping data for table `date`
--

LOCK TABLES `date` WRITE;
/*!40000 ALTER TABLE `date` DISABLE KEYS */;
INSERT INTO `date` VALUES (1,'2013-06-28','2172.64','2013-07-05 11:53:58'),(2,'2013-06-29','-380.00','2013-07-05 11:53:58'),(3,'2013-06-30','-100.00','2013-07-05 11:53:58'),(4,'2013-07-01','-711.00','2013-07-05 11:53:58'),(5,'2013-07-02','-70.00','2013-07-05 11:53:58'),(6,'2013-07-03','-33.49','2013-07-05 11:53:58'),(7,'2013-07-04','-20.00','2013-07-05 11:53:58'),(8,'2013-07-05','0.00','2013-07-05 11:53:58'),(9,'2013-07-06','-80.00','2013-07-05 11:53:58'),(10,'2013-07-07','-481.10','2013-07-05 11:53:58'),(11,'2013-07-08','-98.39','2013-07-05 11:53:58'),(12,'2013-07-09','-40.00','2013-07-05 11:53:58'),(13,'2013-07-10','-19.45','2013-07-05 11:53:58'),(14,'2013-07-11','441.10','2013-07-05 11:53:58'),(15,'2013-07-12','-126.99','2013-07-05 11:53:58'),(16,'2013-07-13','-100.00','2013-07-05 11:53:58'),(17,'2013-07-14','-10.00','2013-07-05 11:53:58'),(18,'2013-07-15','-48.00','2013-07-05 11:53:58'),(19,'2013-07-16','-20.00','2013-07-05 11:53:58'),(20,'2013-07-17','-131.22','2013-07-05 11:53:58'),(21,'2013-07-18','-20.00','2013-07-05 11:53:58'),(22,'2013-07-19','-80.00','2013-07-05 11:53:58'),(23,'2013-07-20','-34.00','2013-07-05 11:53:58'),(24,'2013-07-21','-12.99','2013-07-05 11:53:58'),(25,'2013-07-22','0.00','2013-07-05 11:53:58'),(26,'2013-07-23','-79.18','2013-07-05 11:53:58'),(27,'2013-07-24','0.00','2013-07-05 11:53:58'),(28,'2013-07-25','10.00','2013-07-05 11:53:58'),(29,'2013-07-26','2081.30','2013-07-06 09:09:09'),(30,'2013-07-27','-100.00','2013-07-06 09:09:09'),(31,'2013-07-28','-20.00','2013-07-06 09:09:09'),(32,'2013-07-29','-73.68','2013-07-06 09:09:09'),(33,'2013-07-30','-130.00','2013-07-06 09:09:09'),(34,'2013-07-31','0.00','2013-07-06 09:09:09'),(35,'2013-08-01','-550.00','2013-07-06 09:09:09'),(36,'2013-08-02','-126.03','2013-07-06 09:09:09'),(37,'2013-08-03','-21.08','2013-07-06 09:09:09'),(38,'2013-08-04','0.00','2013-07-06 09:09:09'),(39,'2013-08-05','-30.00','2013-07-06 09:09:09'),(40,'2013-08-06','0.00','2013-07-06 09:09:09'),(41,'2013-08-07','20.00','2013-07-06 09:09:09'),(42,'2013-08-08','-98.39','2013-07-06 09:09:09'),(43,'2013-08-09','-100.00','2013-07-06 09:09:09'),(44,'2013-08-10','0.00','2013-07-06 09:09:09'),(45,'2013-08-11','0.00','2013-07-06 09:09:09'),(46,'2013-08-12','-76.99','2013-07-06 09:09:09'),(47,'2013-08-13','0.00','2013-07-06 09:09:09'),(48,'2013-08-14','0.00','2013-07-06 09:09:09'),(49,'2013-08-15','-27.00','2013-07-06 09:09:09'),(50,'2013-08-16','-100.00','2013-07-06 09:09:09'),(51,'2013-08-17','0.00','2013-07-06 09:09:09'),(52,'2013-08-18','0.00','2013-07-06 09:09:09'),(53,'2013-08-19','-30.00','2013-07-06 09:09:09'),(54,'2013-08-20','0.00','2013-07-06 09:09:09'),(55,'2013-08-21','0.00','2013-07-06 09:09:09'),(56,'2013-08-22','-78.18','2013-07-06 09:09:09'),(57,'2013-08-23','0.00','2013-07-06 09:09:09'),(58,'2013-08-24','-500.00','2013-07-06 09:09:09'),(59,'2013-08-25','0.00','2013-07-06 09:09:09'),(60,'2013-08-26','-43.68','2013-07-06 09:09:09'),(61,'2013-08-27','0.00','2013-07-06 09:09:09'),(62,'2013-08-28','0.00','2013-07-06 09:09:09'),(63,'2013-08-29','150.00','2013-07-06 09:09:09'),(64,'2013-08-30','-150.00','2013-07-21 23:20:39'),(65,'2013-08-31','0.00','2013-07-21 23:20:39'),(66,'2013-09-01','1674.65','2013-07-21 23:20:39'),(67,'2013-09-02','-146.03','2013-07-21 23:20:39'),(68,'2013-09-03','-21.08','2013-07-21 23:20:39'),(69,'2013-09-04','0.00','2013-07-21 23:20:39'),(70,'2013-09-05','0.00','2013-07-21 23:20:39'),(71,'2013-09-06','-150.00','2013-07-21 23:20:39'),(72,'2013-09-07','0.00','2013-07-21 23:20:39'),(73,'2013-09-08','-136.01','2013-07-21 23:20:39'),(74,'2013-09-09','-50.00','2013-07-21 23:20:39'),(75,'2013-09-10','0.00','2013-07-21 23:20:39'),(76,'2013-09-11','0.00','2013-07-21 23:20:39'),(77,'2013-09-12','-46.99','2013-07-21 23:20:39'),(78,'2013-09-13','-150.00','2013-07-21 23:20:39'),(79,'2013-09-14','0.00','2013-07-21 23:20:39'),(80,'2013-09-15','-18.00','2013-07-21 23:20:39'),(81,'2013-09-16','-50.00','2013-07-21 23:20:39'),(82,'2013-09-17','0.00','2013-07-21 23:20:39'),(83,'2013-09-18','0.00','2013-07-21 23:20:39'),(84,'2013-09-19','0.00','2013-07-21 23:20:39'),(85,'2013-09-20','-150.00','2013-07-21 23:20:39'),(86,'2013-09-21','0.00','2013-07-21 23:20:39'),(87,'2013-09-22','-78.18','2013-07-21 23:20:39'),(88,'2013-09-23','-50.00','2013-07-21 23:20:39'),(89,'2013-09-24','0.00','2013-07-21 23:20:39'),(90,'2013-09-25','-25.15','2013-07-21 23:20:39'),(91,'2013-09-26','-43.68','2013-07-21 23:20:39'),(92,'2013-05-31','0.00','2013-07-28 19:32:34'),(93,'2013-06-01','0.00','2013-07-28 19:32:34'),(94,'2013-06-02','0.00','2013-07-28 19:32:34'),(95,'2013-06-03','0.00','2013-07-28 19:32:34'),(96,'2013-06-04','0.00','2013-07-28 19:32:34'),(97,'2013-06-05','0.00','2013-07-28 19:32:34'),(98,'2013-06-06','0.00','2013-07-28 19:32:34'),(99,'2013-06-07','0.00','2013-07-28 19:32:34'),(100,'2013-06-08','0.00','2013-07-28 19:32:34'),(101,'2013-06-09','0.00','2013-07-28 19:32:34'),(102,'2013-06-10','0.00','2013-07-28 19:32:34'),(103,'2013-06-11','0.00','2013-07-28 19:32:34'),(104,'2013-06-12','0.00','2013-07-28 19:32:34'),(105,'2013-06-13','0.00','2013-07-28 19:32:34'),(106,'2013-06-14','0.00','2013-07-28 19:32:34'),(107,'2013-06-15','0.00','2013-07-28 19:32:34'),(108,'2013-06-16','0.00','2013-07-28 19:32:34'),(109,'2013-06-17','0.00','2013-07-28 19:32:34'),(110,'2013-06-18','0.00','2013-07-28 19:32:34'),(111,'2013-06-19','0.00','2013-07-28 19:32:34'),(112,'2013-06-20','0.00','2013-07-28 19:32:34'),(113,'2013-06-21','0.00','2013-07-28 19:32:34'),(114,'2013-06-22','0.00','2013-07-28 19:32:34'),(115,'2013-06-23','0.00','2013-07-28 19:32:34'),(116,'2013-06-24','0.00','2013-07-28 19:32:34'),(117,'2013-06-25','0.00','2013-07-28 19:32:34'),(118,'2013-06-26','0.00','2013-07-28 19:32:34'),(119,'2013-06-27','0.00','2013-07-28 19:32:34'),(120,'2013-04-26','0.00','2013-07-28 20:25:23'),(121,'2013-04-27','0.00','2013-07-28 20:25:23'),(122,'2013-04-28','0.00','2013-07-28 20:25:23'),(123,'2013-04-29','0.00','2013-07-28 20:25:23'),(124,'2013-04-30','0.00','2013-07-28 20:25:23'),(125,'2013-05-01','0.00','2013-07-28 20:25:23'),(126,'2013-05-02','0.00','2013-07-28 20:25:23'),(127,'2013-05-03','0.00','2013-07-28 20:25:23'),(128,'2013-05-04','0.00','2013-07-28 20:25:23'),(129,'2013-05-05','0.00','2013-07-28 20:25:23'),(130,'2013-05-06','0.00','2013-07-28 20:25:23'),(131,'2013-05-07','0.00','2013-07-28 20:25:23'),(132,'2013-05-08','0.00','2013-07-28 20:25:23'),(133,'2013-05-09','0.00','2013-07-28 20:25:23'),(134,'2013-05-10','0.00','2013-07-28 20:25:23'),(135,'2013-05-11','0.00','2013-07-28 20:25:23'),(136,'2013-05-12','0.00','2013-07-28 20:25:23'),(137,'2013-05-13','0.00','2013-07-28 20:25:23'),(138,'2013-05-14','0.00','2013-07-28 20:25:23'),(139,'2013-05-15','0.00','2013-07-28 20:25:23'),(140,'2013-05-16','0.00','2013-07-28 20:25:23'),(141,'2013-05-17','0.00','2013-07-28 20:25:23'),(142,'2013-05-18','0.00','2013-07-28 20:25:23'),(143,'2013-05-19','0.00','2013-07-28 20:25:23'),(144,'2013-05-20','0.00','2013-07-28 20:25:23'),(145,'2013-05-21','0.00','2013-07-28 20:25:23'),(146,'2013-05-22','0.00','2013-07-28 20:25:23'),(147,'2013-05-23','0.00','2013-07-28 20:25:23'),(148,'2013-05-24','0.00','2013-07-28 20:25:23'),(149,'2013-05-25','0.00','2013-07-28 20:25:23'),(150,'2013-05-26','0.00','2013-07-28 20:25:23'),(151,'2013-05-27','0.00','2013-07-28 20:25:23'),(152,'2013-05-28','0.00','2013-07-28 20:25:23'),(153,'2013-05-29','0.00','2013-07-28 20:25:23'),(154,'2013-05-30','0.00','2013-07-28 20:25:24'),(155,'2013-03-29','0.00','2013-07-28 20:25:25'),(156,'2013-03-30','0.00','2013-07-28 20:25:25'),(157,'2013-03-31','0.00','2013-07-28 20:25:25'),(158,'2013-04-01','0.00','2013-07-28 20:25:25'),(159,'2013-04-02','0.00','2013-07-28 20:25:25'),(160,'2013-04-03','0.00','2013-07-28 20:25:25'),(161,'2013-04-04','0.00','2013-07-28 20:25:25'),(162,'2013-04-05','0.00','2013-07-28 20:25:25'),(163,'2013-04-06','0.00','2013-07-28 20:25:25'),(164,'2013-04-07','0.00','2013-07-28 20:25:25'),(165,'2013-04-08','0.00','2013-07-28 20:25:25'),(166,'2013-04-09','0.00','2013-07-28 20:25:25'),(167,'2013-04-10','0.00','2013-07-28 20:25:25'),(168,'2013-04-11','0.00','2013-07-28 20:25:25'),(169,'2013-04-12','0.00','2013-07-28 20:25:25'),(170,'2013-04-13','0.00','2013-07-28 20:25:25'),(171,'2013-04-14','0.00','2013-07-28 20:25:25'),(172,'2013-04-15','0.00','2013-07-28 20:25:25'),(173,'2013-04-16','0.00','2013-07-28 20:25:25'),(174,'2013-04-17','0.00','2013-07-28 20:25:25'),(175,'2013-04-18','0.00','2013-07-28 20:25:25'),(176,'2013-04-19','0.00','2013-07-28 20:25:25'),(177,'2013-04-20','0.00','2013-07-28 20:25:25'),(178,'2013-04-21','0.00','2013-07-28 20:25:25'),(179,'2013-04-22','0.00','2013-07-28 20:25:25'),(180,'2013-04-23','0.00','2013-07-28 20:25:25'),(181,'2013-04-24','0.00','2013-07-28 20:25:25'),(182,'2013-04-25','0.00','2013-07-28 20:25:25'),(183,'2013-02-22','0.00','2013-07-28 20:25:27'),(184,'2013-02-23','0.00','2013-07-28 20:25:27'),(185,'2013-02-24','0.00','2013-07-28 20:25:27'),(186,'2013-02-25','0.00','2013-07-28 20:25:27'),(187,'2013-02-26','0.00','2013-07-28 20:25:27'),(188,'2013-02-27','0.00','2013-07-28 20:25:27'),(189,'2013-02-28','0.00','2013-07-28 20:25:27'),(190,'2013-03-01','0.00','2013-07-28 20:25:27'),(191,'2013-03-02','0.00','2013-07-28 20:25:27'),(192,'2013-03-03','0.00','2013-07-28 20:25:27'),(193,'2013-03-04','0.00','2013-07-28 20:25:27'),(194,'2013-03-05','0.00','2013-07-28 20:25:27'),(195,'2013-03-06','0.00','2013-07-28 20:25:27'),(196,'2013-03-07','0.00','2013-07-28 20:25:27'),(197,'2013-03-08','0.00','2013-07-28 20:25:27'),(198,'2013-03-09','0.00','2013-07-28 20:25:27'),(199,'2013-03-10','0.00','2013-07-28 20:25:27'),(200,'2013-03-11','0.00','2013-07-28 20:25:27'),(201,'2013-03-12','0.00','2013-07-28 20:25:27'),(202,'2013-03-13','0.00','2013-07-28 20:25:27'),(203,'2013-03-14','0.00','2013-07-28 20:25:27'),(204,'2013-03-15','0.00','2013-07-28 20:25:27'),(205,'2013-03-16','0.00','2013-07-28 20:25:27'),(206,'2013-03-17','0.00','2013-07-28 20:25:27'),(207,'2013-03-18','0.00','2013-07-28 20:25:27'),(208,'2013-03-19','0.00','2013-07-28 20:25:27'),(209,'2013-03-20','0.00','2013-07-28 20:25:27'),(210,'2013-03-21','0.00','2013-07-28 20:25:27'),(211,'2013-03-22','0.00','2013-07-28 20:25:27'),(212,'2013-03-23','0.00','2013-07-28 20:25:27'),(213,'2013-03-24','0.00','2013-07-28 20:25:27'),(214,'2013-03-25','0.00','2013-07-28 20:25:27'),(215,'2013-03-26','0.00','2013-07-28 20:25:27'),(216,'2013-03-27','0.00','2013-07-28 20:25:27'),(217,'2013-03-28','0.00','2013-07-28 20:25:27'),(218,'2013-01-25','0.00','2013-07-28 20:25:28'),(219,'2013-01-26','0.00','2013-07-28 20:25:28'),(220,'2013-01-27','0.00','2013-07-28 20:25:28'),(221,'2013-01-28','0.00','2013-07-28 20:25:28'),(222,'2013-01-29','0.00','2013-07-28 20:25:28'),(223,'2013-01-30','0.00','2013-07-28 20:25:28'),(224,'2013-01-31','0.00','2013-07-28 20:25:28'),(225,'2013-02-01','0.00','2013-07-28 20:25:28'),(226,'2013-02-02','0.00','2013-07-28 20:25:28'),(227,'2013-02-03','0.00','2013-07-28 20:25:28'),(228,'2013-02-04','0.00','2013-07-28 20:25:28'),(229,'2013-02-05','0.00','2013-07-28 20:25:28'),(230,'2013-02-06','0.00','2013-07-28 20:25:28'),(231,'2013-02-07','0.00','2013-07-28 20:25:28'),(232,'2013-02-08','0.00','2013-07-28 20:25:28'),(233,'2013-02-09','0.00','2013-07-28 20:25:28'),(234,'2013-02-10','0.00','2013-07-28 20:25:28'),(235,'2013-02-11','0.00','2013-07-28 20:25:28'),(236,'2013-02-12','0.00','2013-07-28 20:25:28'),(237,'2013-02-13','0.00','2013-07-28 20:25:28'),(238,'2013-02-14','0.00','2013-07-28 20:25:28'),(239,'2013-02-15','0.00','2013-07-28 20:25:28'),(240,'2013-02-16','0.00','2013-07-28 20:25:28'),(241,'2013-02-17','0.00','2013-07-28 20:25:28'),(242,'2013-02-18','0.00','2013-07-28 20:25:28'),(243,'2013-02-19','0.00','2013-07-28 20:25:28'),(244,'2013-02-20','0.00','2013-07-28 20:25:28'),(245,'2013-02-21','0.00','2013-07-28 20:25:28'),(246,'2012-12-28','0.00','2013-07-28 20:25:30'),(247,'2012-12-29','0.00','2013-07-28 20:25:30'),(248,'2012-12-30','0.00','2013-07-28 20:25:30'),(249,'2012-12-31','0.00','2013-07-28 20:25:30'),(250,'2013-01-01','0.00','2013-07-28 20:25:30'),(251,'2013-01-02','0.00','2013-07-28 20:25:30'),(252,'2013-01-03','0.00','2013-07-28 20:25:30'),(253,'2013-01-04','0.00','2013-07-28 20:25:30'),(254,'2013-01-05','0.00','2013-07-28 20:25:30'),(255,'2013-01-06','0.00','2013-07-28 20:25:30'),(256,'2013-01-07','0.00','2013-07-28 20:25:30'),(257,'2013-01-08','0.00','2013-07-28 20:25:30'),(258,'2013-01-09','0.00','2013-07-28 20:25:30'),(259,'2013-01-10','0.00','2013-07-28 20:25:30'),(260,'2013-01-11','0.00','2013-07-28 20:25:30'),(261,'2013-01-12','0.00','2013-07-28 20:25:30'),(262,'2013-01-13','0.00','2013-07-28 20:25:30'),(263,'2013-01-14','0.00','2013-07-28 20:25:30'),(264,'2013-01-15','0.00','2013-07-28 20:25:30'),(265,'2013-01-16','0.00','2013-07-28 20:25:30'),(266,'2013-01-17','0.00','2013-07-28 20:25:30'),(267,'2013-01-18','0.00','2013-07-28 20:25:30'),(268,'2013-01-19','0.00','2013-07-28 20:25:30'),(269,'2013-01-20','0.00','2013-07-28 20:25:30'),(270,'2013-01-21','0.00','2013-07-28 20:25:30'),(271,'2013-01-22','0.00','2013-07-28 20:25:30'),(272,'2013-01-23','0.00','2013-07-28 20:25:30'),(273,'2013-01-24','0.00','2013-07-28 20:25:30'),(274,'2012-11-30','0.00','2013-07-28 20:25:31'),(275,'2012-12-01','0.00','2013-07-28 20:25:31'),(276,'2012-12-02','0.00','2013-07-28 20:25:31'),(277,'2012-12-03','0.00','2013-07-28 20:25:31'),(278,'2012-12-04','0.00','2013-07-28 20:25:32'),(279,'2012-12-05','0.00','2013-07-28 20:25:32'),(280,'2012-12-06','0.00','2013-07-28 20:25:32'),(281,'2012-12-07','0.00','2013-07-28 20:25:32'),(282,'2012-12-08','0.00','2013-07-28 20:25:32'),(283,'2012-12-09','0.00','2013-07-28 20:25:32'),(284,'2012-12-10','0.00','2013-07-28 20:25:32'),(285,'2012-12-11','0.00','2013-07-28 20:25:32'),(286,'2012-12-12','0.00','2013-07-28 20:25:32'),(287,'2012-12-13','0.00','2013-07-28 20:25:32'),(288,'2012-12-14','0.00','2013-07-28 20:25:32'),(289,'2012-12-15','0.00','2013-07-28 20:25:32'),(290,'2012-12-16','0.00','2013-07-28 20:25:32'),(291,'2012-12-17','0.00','2013-07-28 20:25:32'),(292,'2012-12-18','0.00','2013-07-28 20:25:32'),(293,'2012-12-19','0.00','2013-07-28 20:25:32'),(294,'2012-12-20','0.00','2013-07-28 20:25:32'),(295,'2012-12-21','0.00','2013-07-28 20:25:32'),(296,'2012-12-22','0.00','2013-07-28 20:25:32'),(297,'2012-12-23','0.00','2013-07-28 20:25:32'),(298,'2012-12-24','0.00','2013-07-28 20:25:32'),(299,'2012-12-25','0.00','2013-07-28 20:25:32'),(300,'2012-12-26','0.00','2013-07-28 20:25:32'),(301,'2012-12-27','0.00','2013-07-28 20:25:32'),(302,'2012-10-26','0.00','2013-07-28 20:25:33'),(303,'2012-10-27','0.00','2013-07-28 20:25:33'),(304,'2012-10-28','0.00','2013-07-28 20:25:33'),(305,'2012-10-29','0.00','2013-07-28 20:25:33'),(306,'2012-10-30','0.00','2013-07-28 20:25:33'),(307,'2012-10-31','0.00','2013-07-28 20:25:33'),(308,'2012-11-01','0.00','2013-07-28 20:25:33'),(309,'2012-11-02','0.00','2013-07-28 20:25:33'),(310,'2012-11-03','0.00','2013-07-28 20:25:33'),(311,'2012-11-04','0.00','2013-07-28 20:25:33'),(312,'2012-11-05','0.00','2013-07-28 20:25:33'),(313,'2012-11-06','0.00','2013-07-28 20:25:33'),(314,'2012-11-07','0.00','2013-07-28 20:25:33'),(315,'2012-11-08','0.00','2013-07-28 20:25:33'),(316,'2012-11-09','0.00','2013-07-28 20:25:33'),(317,'2012-11-10','0.00','2013-07-28 20:25:33'),(318,'2012-11-11','0.00','2013-07-28 20:25:33'),(319,'2012-11-12','0.00','2013-07-28 20:25:33'),(320,'2012-11-13','0.00','2013-07-28 20:25:33'),(321,'2012-11-14','0.00','2013-07-28 20:25:33'),(322,'2012-11-15','0.00','2013-07-28 20:25:33'),(323,'2012-11-16','0.00','2013-07-28 20:25:33'),(324,'2012-11-17','0.00','2013-07-28 20:25:33'),(325,'2012-11-18','0.00','2013-07-28 20:25:33'),(326,'2012-11-19','0.00','2013-07-28 20:25:33'),(327,'2012-11-20','0.00','2013-07-28 20:25:33'),(328,'2012-11-21','0.00','2013-07-28 20:25:33'),(329,'2012-11-22','0.00','2013-07-28 20:25:33'),(330,'2012-11-23','0.00','2013-07-28 20:25:33'),(331,'2012-11-24','0.00','2013-07-28 20:25:33'),(332,'2012-11-25','0.00','2013-07-28 20:25:33'),(333,'2012-11-26','0.00','2013-07-28 20:25:33'),(334,'2012-11-27','0.00','2013-07-28 20:25:33'),(335,'2012-11-28','0.00','2013-07-28 20:25:33'),(336,'2012-11-29','0.00','2013-07-28 20:25:33'),(337,'2012-09-28','0.00','2013-07-28 20:25:34'),(338,'2012-09-29','0.00','2013-07-28 20:25:34'),(339,'2012-09-30','0.00','2013-07-28 20:25:34'),(340,'2012-10-01','0.00','2013-07-28 20:25:34'),(341,'2012-10-02','0.00','2013-07-28 20:25:34'),(342,'2012-10-03','0.00','2013-07-28 20:25:34'),(343,'2012-10-04','0.00','2013-07-28 20:25:34'),(344,'2012-10-05','0.00','2013-07-28 20:25:34'),(345,'2012-10-06','0.00','2013-07-28 20:25:34'),(346,'2012-10-07','0.00','2013-07-28 20:25:34'),(347,'2012-10-08','0.00','2013-07-28 20:25:34'),(348,'2012-10-09','0.00','2013-07-28 20:25:34'),(349,'2012-10-10','0.00','2013-07-28 20:25:34'),(350,'2012-10-11','0.00','2013-07-28 20:25:34'),(351,'2012-10-12','0.00','2013-07-28 20:25:34'),(352,'2012-10-13','0.00','2013-07-28 20:25:34'),(353,'2012-10-14','0.00','2013-07-28 20:25:34'),(354,'2012-10-15','0.00','2013-07-28 20:25:34'),(355,'2012-10-16','0.00','2013-07-28 20:25:34'),(356,'2012-10-17','0.00','2013-07-28 20:25:34'),(357,'2012-10-18','0.00','2013-07-28 20:25:34'),(358,'2012-10-19','0.00','2013-07-28 20:25:34'),(359,'2012-10-20','0.00','2013-07-28 20:25:34'),(360,'2012-10-21','0.00','2013-07-28 20:25:34'),(361,'2012-10-22','0.00','2013-07-28 20:25:34'),(362,'2012-10-23','0.00','2013-07-28 20:25:34'),(363,'2012-10-24','0.00','2013-07-28 20:25:34'),(364,'2012-10-25','0.00','2013-07-28 20:25:34'),(365,'2012-08-31','0.00','2013-07-28 20:25:36'),(366,'2012-09-01','0.00','2013-07-28 20:25:36'),(367,'2012-09-02','0.00','2013-07-28 20:25:36'),(368,'2012-09-03','0.00','2013-07-28 20:25:36'),(369,'2012-09-04','0.00','2013-07-28 20:25:36'),(370,'2012-09-05','0.00','2013-07-28 20:25:36'),(371,'2012-09-06','0.00','2013-07-28 20:25:36'),(372,'2012-09-07','0.00','2013-07-28 20:25:36'),(373,'2012-09-08','0.00','2013-07-28 20:25:36'),(374,'2012-09-09','0.00','2013-07-28 20:25:36'),(375,'2012-09-10','0.00','2013-07-28 20:25:36'),(376,'2012-09-11','0.00','2013-07-28 20:25:36'),(377,'2012-09-12','0.00','2013-07-28 20:25:36'),(378,'2012-09-13','0.00','2013-07-28 20:25:36'),(379,'2012-09-14','0.00','2013-07-28 20:25:36'),(380,'2012-09-15','0.00','2013-07-28 20:25:36'),(381,'2012-09-16','0.00','2013-07-28 20:25:36'),(382,'2012-09-17','0.00','2013-07-28 20:25:36'),(383,'2012-09-18','0.00','2013-07-28 20:25:36'),(384,'2012-09-19','0.00','2013-07-28 20:25:36'),(385,'2012-09-20','0.00','2013-07-28 20:25:36'),(386,'2012-09-21','0.00','2013-07-28 20:25:36'),(387,'2012-09-22','0.00','2013-07-28 20:25:36'),(388,'2012-09-23','0.00','2013-07-28 20:25:36'),(389,'2012-09-24','0.00','2013-07-28 20:25:36'),(390,'2012-09-25','0.00','2013-07-28 20:25:36'),(391,'2012-09-26','0.00','2013-07-28 20:25:36'),(392,'2012-09-27','0.00','2013-07-28 20:25:36'),(393,'2012-07-27','0.00','2013-07-28 20:25:37'),(394,'2012-07-28','0.00','2013-07-28 20:25:37'),(395,'2012-07-29','0.00','2013-07-28 20:25:37'),(396,'2012-07-30','0.00','2013-07-28 20:25:37'),(397,'2012-07-31','0.00','2013-07-28 20:25:37'),(398,'2012-08-01','0.00','2013-07-28 20:25:37'),(399,'2012-08-02','0.00','2013-07-28 20:25:37'),(400,'2012-08-03','0.00','2013-07-28 20:25:37'),(401,'2012-08-04','0.00','2013-07-28 20:25:37'),(402,'2012-08-05','0.00','2013-07-28 20:25:37'),(403,'2012-08-06','0.00','2013-07-28 20:25:37'),(404,'2012-08-07','0.00','2013-07-28 20:25:37'),(405,'2012-08-08','0.00','2013-07-28 20:25:37'),(406,'2012-08-09','0.00','2013-07-28 20:25:37'),(407,'2012-08-10','0.00','2013-07-28 20:25:37'),(408,'2012-08-11','0.00','2013-07-28 20:25:38'),(409,'2012-08-12','0.00','2013-07-28 20:25:38'),(410,'2012-08-13','0.00','2013-07-28 20:25:38'),(411,'2012-08-14','0.00','2013-07-28 20:25:38'),(412,'2012-08-15','0.00','2013-07-28 20:25:38'),(413,'2012-08-16','0.00','2013-07-28 20:25:38'),(414,'2012-08-17','0.00','2013-07-28 20:25:38'),(415,'2012-08-18','0.00','2013-07-28 20:25:38'),(416,'2012-08-19','0.00','2013-07-28 20:25:38'),(417,'2012-08-20','0.00','2013-07-28 20:25:38'),(418,'2012-08-21','0.00','2013-07-28 20:25:38'),(419,'2012-08-22','0.00','2013-07-28 20:25:38'),(420,'2012-08-23','0.00','2013-07-28 20:25:38'),(421,'2012-08-24','0.00','2013-07-28 20:25:38'),(422,'2012-08-25','0.00','2013-07-28 20:25:38'),(423,'2012-08-26','0.00','2013-07-28 20:25:38'),(424,'2012-08-27','0.00','2013-07-28 20:25:38'),(425,'2012-08-28','0.00','2013-07-28 20:25:38'),(426,'2012-08-29','0.00','2013-07-28 20:25:38'),(427,'2012-08-30','0.00','2013-07-28 20:25:38'),(428,'2012-06-29','0.00','2013-07-28 20:27:04'),(429,'2012-06-30','0.00','2013-07-28 20:27:04'),(430,'2012-07-01','0.00','2013-07-28 20:27:04'),(431,'2012-07-02','0.00','2013-07-28 20:27:04'),(432,'2012-07-03','0.00','2013-07-28 20:27:04'),(433,'2012-07-04','0.00','2013-07-28 20:27:04'),(434,'2012-07-05','0.00','2013-07-28 20:27:04'),(435,'2012-07-06','0.00','2013-07-28 20:27:04'),(436,'2012-07-07','0.00','2013-07-28 20:27:04'),(437,'2012-07-08','0.00','2013-07-28 20:27:04'),(438,'2012-07-09','0.00','2013-07-28 20:27:04'),(439,'2012-07-10','0.00','2013-07-28 20:27:04'),(440,'2012-07-11','0.00','2013-07-28 20:27:04'),(441,'2012-07-12','0.00','2013-07-28 20:27:04'),(442,'2012-07-13','0.00','2013-07-28 20:27:04'),(443,'2012-07-14','0.00','2013-07-28 20:27:04'),(444,'2012-07-15','0.00','2013-07-28 20:27:04'),(445,'2012-07-16','0.00','2013-07-28 20:27:04'),(446,'2012-07-17','0.00','2013-07-28 20:27:04'),(447,'2012-07-18','0.00','2013-07-28 20:27:04'),(448,'2012-07-19','0.00','2013-07-28 20:27:04'),(449,'2012-07-20','0.00','2013-07-28 20:27:04'),(450,'2012-07-21','0.00','2013-07-28 20:27:04'),(451,'2012-07-22','0.00','2013-07-28 20:27:04'),(452,'2012-07-23','0.00','2013-07-28 20:27:04'),(453,'2012-07-24','0.00','2013-07-28 20:27:04'),(454,'2012-07-25','0.00','2013-07-28 20:27:04'),(455,'2012-07-26','0.00','2013-07-28 20:27:04');
/*!40000 ALTER TABLE `date` ENABLE KEYS */;
UNLOCK TABLES;

--
-- Table structure for table `payment`
--

DROP TABLE IF EXISTS `payment`;
/*!40101 SET @saved_cs_client     = @@character_set_client */;
/*!40101 SET character_set_client = utf8 */;
CREATE TABLE `payment` (
  `id` int(11) NOT NULL AUTO_INCREMENT,
  `account_id` int(11) DEFAULT NULL,
  `description` varchar(255) COLLATE utf8_unicode_ci NOT NULL,
  `frequency` int(11) NOT NULL,
  `day` int(11) NOT NULL,
  `amount` decimal(10,2) NOT NULL,
  `created` datetime NOT NULL,
  `active` tinyint(1) NOT NULL,
  PRIMARY KEY (`id`),
  KEY `IDX_6D28840D9B6B5FBA` (`account_id`),
  CONSTRAINT `FK_6D28840D9B6B5FBA` FOREIGN KEY (`account_id`) REFERENCES `account` (`id`)
) ENGINE=InnoDB AUTO_INCREMENT=67 DEFAULT CHARSET=utf8 COLLATE=utf8_unicode_ci;
/*!40101 SET character_set_client = @saved_cs_client */;

--
-- Dumping data for table `payment`
--

LOCK TABLES `payment` WRITE;
/*!40000 ALTER TABLE `payment` DISABLE KEYS */;
INSERT INTO `payment` VALUES (1,1,'Loan',2,1,'-100.00','2013-07-05 11:25:13',1),(2,2,'Subscription',2,2,'-8.03','2013-07-05 11:25:59',1),(3,3,'MPS',2,2,'-70.00','2013-07-05 11:26:30',1),(4,4,'Donation',2,3,'-10.00','2013-07-05 11:27:30',1),(5,5,'Rent - 36 Moorland Gardens',2,1,'-550.00','2013-07-05 11:28:31',1),(6,6,'House Insurance',2,3,'-11.08','2013-07-05 11:29:16',1),(7,7,'Tv Licence',2,8,'-37.62','2013-07-05 11:29:51',1),(8,8,'VPS',2,8,'-26.39','2013-07-05 11:30:30',1),(9,9,'Council Tax',2,8,'-72.00','2013-07-05 11:32:10',1),(10,10,'Rail Ticket',2,12,'-448.60','2013-07-05 11:33:23',1),(11,20,'Travel Expenses',2,12,'448.60','2013-07-05 11:34:14',1),(12,20,'Salary',2,1,'2324.65','2013-07-05 11:35:09',1),(13,11,'Broadband, Tv & Phone',2,12,'-46.99','2013-07-05 11:37:32',1),(14,12,'Donation',2,15,'-6.00','2013-07-05 11:38:35',1),(15,13,'Donation',2,15,'-12.00','2013-07-05 11:39:15',1),(16,14,'Loan',2,22,'-78.18','2013-07-05 11:39:58',1),(17,15,'Overdraft fee',2,24,'0.00','2013-07-05 11:40:39',1),(18,16,'Subscription',2,25,'-9.99','2013-07-05 11:41:08',0),(19,17,'Linux Developer Magazine',2,25,'-25.15','2013-07-05 11:42:24',1),(20,18,'Mobile contract',2,26,'-43.68','2013-07-05 11:42:59',1),(21,19,'Weekend Wage',1,5,'-150.00','2013-07-05 11:50:40',1),(22,19,'Weekday Wage',1,1,'-50.00','2013-07-05 11:51:15',1),(23,19,'Birthday',0,0,'-80.00','2013-07-05 12:28:02',1),(24,19,'Clothes / Haircuts & Dentist',0,0,'0.00','2013-07-05 12:29:12',1),(25,19,'Petrol',0,0,'0.00','2013-07-05 12:29:25',1),(27,21,'Loan',0,0,'0.00','2013-07-05 12:32:12',1),(28,20,'Misc',0,0,'0.00','2013-07-05 12:38:54',1),(29,19,'Food Order',0,0,'0.00','2013-07-05 12:42:19',1),(30,19,'Cash',0,0,'0.00','2013-07-06 08:48:19',1),(31,15,'Payment reversal',0,0,'0.00','2013-07-07 19:16:03',1),(32,19,'Holiday',0,0,'0.00','2013-07-07 19:23:41',1),(33,22,'Savings',0,0,'0.00','2013-07-07 19:24:43',1),(34,19,'Electric',0,0,'0.00','2013-07-09 13:15:45',1),(35,23,'Contact Lenses',2,2,'-18.00','2013-07-10 14:18:37',1),(36,19,'Drinking',0,0,'0.00','2013-07-21 21:07:50',1),(37,19,'Children',0,0,'0.00','2013-07-21 21:12:12',1),(38,24,'fto',0,0,'0.00','2013-07-23 22:43:09',1),(39,3,'Event',0,0,'0.00','2013-07-26 15:51:56',1),(40,3,'Uniform',0,0,'0.00','2013-07-26 15:52:11',1),(41,3,'Grading',0,0,'0.00','2013-07-26 15:52:25',1),(43,25,'Loan',0,0,'0.00','2013-07-28 12:46:48',1),(44,26,'Loan',0,0,'0.00','2013-07-28 12:47:02',1),(45,27,'Loan',0,0,'0.00','2013-07-28 12:47:13',1),(46,15,'Interest',2,10,'0.00','2013-07-28 12:57:23',1),(47,20,'Payment error',0,0,'0.00','2013-07-28 12:58:31',1),(48,28,'Goodwill gesture',0,0,'0.00','2013-07-28 12:59:38',1),(49,29,'Road Tax',0,0,'0.00','2013-07-28 21:04:17',1),(50,30,'Loan',0,0,'0.00','2013-07-29 15:54:28',1),(51,31,'Loan',0,0,'0.00','2013-07-29 15:56:56',1),(52,32,'Vitamins',0,0,'-6.50','2013-07-29 16:02:49',1),(53,19,'Household Item',0,0,'0.00','2013-07-29 16:12:37',1),(54,19,'Computer Item',0,0,'0.00','2013-07-29 16:18:29',1),(55,5,'Tenancy Renewal',0,0,'0.00','2013-07-29 16:21:10',1),(56,19,'Food Shopping',2,1,'-50.00','2013-07-29 16:33:51',1),(57,8,'Domain Renewal',0,0,'0.00','2013-07-29 16:44:46',1),(58,18,'PayAsYouGo',0,0,'0.00','2013-07-29 16:51:24',1),(59,21,'Cab Fare',0,0,'0.00','2013-07-29 17:03:24',1),(60,21,'Financial gesture',0,0,'0.00','2013-07-29 17:04:10',1),(61,33,'Loan',0,0,'0.00','2013-07-29 17:26:24',1),(62,1,'London',0,0,'0.00','2013-07-29 17:27:20',1),(63,19,'Christmas',0,0,'0.00','2013-07-29 17:29:49',1),(64,34,'Rotel Power Amp',0,0,'0.00','2013-07-30 09:39:44',1),(65,35,'Fee',0,0,'0.00','2013-07-30 09:52:10',1),(66,15,'Debit Error',0,0,'0.00','2013-07-30 09:55:30',1);
/*!40000 ALTER TABLE `payment` ENABLE KEYS */;
UNLOCK TABLES;

--
-- Table structure for table `paymentsIn`
--

DROP TABLE IF EXISTS `paymentsIn`;
/*!40101 SET @saved_cs_client     = @@character_set_client */;
/*!40101 SET character_set_client = utf8 */;
CREATE TABLE `paymentsIn` (
  `id` int(255) NOT NULL AUTO_INCREMENT,
  `date` date NOT NULL,
  `date_id` int(11) NOT NULL,
  `payment_id` varchar(255) NOT NULL,
  `comment` text NOT NULL,
  `amount` float NOT NULL,
  `active` tinyint(1) NOT NULL,
  `created` timestamp NOT NULL DEFAULT CURRENT_TIMESTAMP,
  PRIMARY KEY (`id`)
) ENGINE=InnoDB AUTO_INCREMENT=171 DEFAULT CHARSET=latin1;
/*!40101 SET character_set_client = @saved_cs_client */;

--
-- Dumping data for table `paymentsIn`
--

LOCK TABLES `paymentsIn` WRITE;
/*!40000 ALTER TABLE `paymentsIn` DISABLE KEYS */;
INSERT INTO `paymentsIn` VALUES (52,'2012-08-31',0,'12','',2001.81,1,'2012-09-13 16:53:10'),(54,'2012-09-10',0,'46','',0.37,1,'2012-09-13 16:53:11'),(55,'2012-09-13',0,'11','',430.5,1,'2012-09-13 16:53:11'),(56,'2012-09-19',0,'27','',80,1,'2012-09-13 17:16:32'),(57,'2012-09-11',0,'27','',100,1,'2012-09-13 18:26:01'),(58,'2012-09-28',0,'12','',2001.81,1,'2012-09-14 11:52:02'),(60,'2012-10-07',0,'46','',0.29,1,'2012-09-14 11:52:04'),(61,'2012-10-12',0,'11','',430.5,1,'2012-09-14 11:52:04'),(62,'2012-09-16',0,'45','',30,0,'2012-09-16 12:01:08'),(63,'2012-09-26',0,'27','',100,1,'2012-09-23 17:39:27'),(65,'1974-04-01',0,'12','',2001.81,1,'2012-09-27 11:34:49'),(67,'1974-04-08',0,'46','',0.21,1,'2012-09-27 11:34:49'),(68,'1974-04-10',0,'11','',430.5,1,'2012-09-27 11:34:49'),(69,'2012-10-25',0,'12','',2002.01,1,'2012-09-27 15:23:50'),(71,'2012-11-08',0,'46','',0.34,1,'2012-09-27 15:23:50'),(72,'2012-11-12',0,'11','',430.5,0,'2012-09-27 15:23:51'),(73,'2012-08-01',0,'12','',2001.81,1,'2012-09-27 21:01:34'),(75,'2012-08-08',0,'46','',0.21,1,'2012-09-27 21:01:34'),(76,'2012-08-10',0,'11','',430.5,1,'2012-09-27 21:01:34'),(77,'2012-11-30',0,'12','',2001.81,1,'2012-09-29 14:01:32'),(79,'2012-12-09',0,'46','',0.32,1,'2012-09-29 14:01:32'),(80,'2012-12-10',0,'11','',430.5,0,'2012-09-29 14:01:32'),(81,'2012-10-03',0,'44','',10,1,'2012-09-30 22:06:19'),(82,'2012-10-11',0,'27','',60,1,'2012-10-06 07:24:39'),(83,'2012-10-17',0,'27','',80,1,'2012-10-13 16:14:05'),(84,'2012-10-25',0,'27','',30,1,'2012-10-21 10:37:44'),(86,'2012-07-01',0,'12','',2001.81,1,'2012-10-25 23:38:44'),(88,'2012-07-08',0,'46','',0.21,1,'2012-10-25 23:38:45'),(89,'2012-07-10',0,'11','',430.5,1,'2012-10-25 23:38:45'),(90,'2012-11-07',0,'27','',100,1,'2012-10-26 11:37:53'),(91,'2012-12-01',0,'43','',20,1,'2012-10-26 20:35:45'),(92,'2012-11-13',0,'11','',430.5,1,'2012-10-30 22:45:12'),(93,'2013-02-08',0,'27','',60,1,'2012-11-11 18:55:23'),(94,'2012-12-22',0,'12','',2001.81,1,'2012-11-29 00:00:29'),(96,'2013-01-08',0,'46','',0.46,1,'2012-11-29 00:00:30'),(97,'2013-01-16',0,'11','',448.6,1,'2012-11-29 00:00:30'),(98,'2012-11-29',0,'27','',20,1,'2012-11-30 08:54:51'),(99,'2012-12-13',0,'11','',430.5,1,'2012-12-11 23:05:32'),(101,'2012-12-29',0,'27','',70,1,'2012-12-31 18:58:11'),(102,'2013-03-05',0,'45','',20,0,'2012-12-31 19:01:42'),(103,'2013-01-17',0,'48','',100,1,'2013-01-17 15:11:41'),(104,'2013-01-29',0,'12','',2002.01,1,'2013-01-19 10:56:23'),(106,'2013-02-08',0,'46','',0.24,1,'2013-01-19 10:56:23'),(107,'2013-02-15',0,'11','',448.6,0,'2013-01-19 10:56:23'),(108,'2013-01-14',0,'27','',40,1,'2013-01-21 09:56:30'),(110,'2013-02-15',0,'27','',30,1,'2013-02-09 18:21:57'),(111,'2013-02-19',0,'11','',53.6,1,'2013-02-19 19:51:28'),(112,'2013-02-22',0,'11','',120,0,'2013-02-19 19:53:27'),(113,'2013-03-01',0,'12','',2001.81,0,'2013-02-20 19:14:15'),(115,'2013-03-08',0,'46','',0.04,1,'2013-02-20 19:14:16'),(116,'2013-03-10',0,'11','',448.6,0,'2013-02-20 19:14:16'),(117,'2013-05-09',0,'27','',200,1,'2013-02-24 23:11:15'),(118,'2013-02-26',0,'11','',116.8,1,'2013-02-24 23:15:54'),(119,'2013-02-25',0,'12','',2155.77,1,'2013-02-25 19:54:35'),(120,'2013-02-25',0,'47','',35.98,0,'2013-02-25 19:57:01'),(121,'2013-03-05',0,'11','',448.6,1,'2013-03-03 22:47:22'),(122,'2013-03-29',0,'12','',2143.06,1,'2013-03-11 21:22:10'),(124,'2013-04-09',0,'46','',0.21,0,'2013-03-11 21:22:10'),(125,'2013-04-05',0,'11','',448.6,1,'2013-03-11 21:22:10'),(127,'2013-03-18',0,'1','',1200,1,'2013-03-17 21:52:48'),(128,'2013-03-16',0,'30','',10,1,'2013-03-18 16:20:47'),(129,'2013-03-23',0,'30','',50,1,'2013-03-23 13:34:07'),(130,'2013-04-10',0,'27','',60,1,'2013-04-10 15:07:29'),(131,'2013-04-12',0,'33','',100,0,'2013-04-13 08:57:06'),(132,'2013-04-27',0,'12','',2324.85,1,'2013-04-21 12:30:49'),(134,'2013-05-10',0,'46','',0.21,0,'2013-04-21 12:30:49'),(135,'2013-05-14',0,'11','',448.6,1,'2013-04-21 12:30:49'),(136,'2013-04-26',0,'33','',29.98,1,'2013-04-27 09:41:17'),(137,'2013-05-31',0,'12','',2324.65,1,'2013-05-30 12:03:33'),(139,'2013-06-13',0,'46','',0.21,0,'2013-05-30 12:03:33'),(140,'2013-06-17',0,'11','',448.6,1,'2013-05-30 12:03:33'),(141,'2013-06-05',0,'31','',81.33,1,'2013-06-01 15:41:52'),(146,'2013-06-17',0,'1','',300,0,'2013-06-17 11:17:05'),(147,'2013-06-17',0,'33','',300,0,'2013-06-17 11:18:01'),(168,'2013-06-24',0,'30','',30,0,'2013-06-23 19:41:34');
/*!40000 ALTER TABLE `paymentsIn` ENABLE KEYS */;
UNLOCK TABLES;

--
-- Table structure for table `paymentsOut`
--

DROP TABLE IF EXISTS `paymentsOut`;
/*!40101 SET @saved_cs_client     = @@character_set_client */;
/*!40101 SET character_set_client = utf8 */;
CREATE TABLE `paymentsOut` (
  `id` int(255) NOT NULL AUTO_INCREMENT,
  `date` date NOT NULL,
  `date_id` int(11) NOT NULL,
  `payment_id` varchar(255) NOT NULL,
  `comment` varchar(255) NOT NULL,
  `amount` float NOT NULL,
  `active` tinyint(1) NOT NULL,
  `created` timestamp NOT NULL DEFAULT CURRENT_TIMESTAMP,
  `frequency` varchar(1) NOT NULL DEFAULT 'D',
  PRIMARY KEY (`id`)
) ENGINE=InnoDB AUTO_INCREMENT=770 DEFAULT CHARSET=latin1;
/*!40101 SET character_set_client = @saved_cs_client */;

--
-- Dumping data for table `paymentsOut`
--

LOCK TABLES `paymentsOut` WRITE;
/*!40000 ALTER TABLE `paymentsOut` DISABLE KEYS */;
INSERT INTO `paymentsOut` VALUES (19,'2012-08-31',0,'21','',80,1,'2012-09-13 16:53:10','W'),(20,'2012-08-31',0,'1','',130,1,'2012-09-13 16:53:11','M'),(22,'2012-09-03',0,'2','',8.03,0,'2012-09-13 16:53:11','M'),(23,'2012-09-03',0,'3','',70,1,'2012-09-13 16:53:11','M'),(24,'2012-09-03',0,'22','',30,1,'2012-09-13 16:53:11','W'),(25,'2012-09-03',0,'4','',10,1,'2012-09-13 16:53:11','M'),(26,'2012-09-03',0,'5','',535,1,'2012-09-13 16:53:11','M'),(27,'2012-09-03',0,'6','',11.08,1,'2012-09-13 16:53:11','M'),(28,'2012-09-05',0,'20','',67.62,1,'2012-09-13 16:53:11','M'),(29,'2012-09-07',0,'21','',60,1,'2012-09-13 16:53:11','W'),(30,'2012-09-10',0,'9','',63.9,1,'2012-09-13 16:53:11','M'),(31,'2012-09-10',0,'8','',26.39,1,'2012-09-13 16:53:11','M'),(32,'2012-09-10',0,'7','',37.62,1,'2012-09-13 16:53:11','M'),(33,'2012-09-10',0,'22','',20,1,'2012-09-13 16:53:11','W'),(34,'2012-09-10',0,'10','',430.5,1,'2012-09-13 16:53:11','M'),(35,'2012-09-13',0,'13','',31.15,1,'2012-09-13 16:53:11','M'),(36,'2012-09-13',0,'21','',50,1,'2012-09-13 16:53:11','W'),(37,'2012-09-17',0,'14','',6,1,'2012-09-13 16:53:11','M'),(38,'2012-09-17',0,'15','',12,1,'2012-09-13 16:53:11','M'),(39,'2012-09-17',0,'22','',20,1,'2012-09-13 16:53:12','W'),(40,'2012-09-21',0,'21','',50,1,'2012-09-13 16:53:12','W'),(41,'2012-09-24',0,'22','',20,1,'2012-09-13 16:53:12','W'),(42,'2012-09-25',0,'18','',9.99,0,'2012-09-13 16:53:12','M'),(43,'2012-09-09',0,'36','With Danny',60,1,'2012-09-13 17:11:35','D'),(44,'2012-09-02',0,'37','Hungry Horse',40,1,'2012-09-13 17:12:08','D'),(45,'2012-08-31',0,'24','Dentist',130,1,'2012-09-13 17:12:29','D'),(46,'2012-09-25',0,'17','',11,1,'2012-09-13 17:14:11','D'),(47,'2012-08-31',0,'37','School uniforms',27.83,1,'2012-09-13 17:14:49','D'),(48,'2012-08-31',0,'56','Monthly',50,1,'2012-09-13 17:15:15','D'),(49,'2012-09-03',0,'27','',50,1,'2012-09-13 17:15:48','L'),(50,'2012-09-03',0,'65','',2,1,'2012-09-13 17:24:22','D'),(51,'2012-08-31',0,'27','',100,1,'2012-09-13 18:25:36','L'),(52,'2012-09-28',0,'21','',100,1,'2012-09-14 11:52:02','W'),(53,'2012-09-30',0,'22','',30,1,'2012-09-14 11:52:03','W'),(54,'2012-09-28',0,'1','',130,1,'2012-09-14 11:52:03','M'),(56,'2012-09-28',0,'2','',8.03,1,'2012-09-14 11:52:03','M'),(57,'2012-10-02',0,'3','',70,0,'2012-09-14 11:52:03','M'),(58,'2012-10-03',0,'4','',10,1,'2012-09-14 11:52:03','M'),(59,'2012-10-01',0,'5','',535,1,'2012-09-14 11:52:03','M'),(60,'2012-10-03',0,'6','',11.08,1,'2012-09-14 11:52:03','M'),(61,'2012-10-05',0,'21','',100,1,'2012-09-14 11:52:03','W'),(62,'2012-10-05',0,'20','',62,1,'2012-09-14 11:52:03','M'),(63,'2012-10-08',0,'22','',30,1,'2012-09-14 11:52:04','W'),(64,'2012-10-08',0,'9','',63.9,1,'2012-09-14 11:52:04','M'),(65,'2012-10-08',0,'8','',26.39,0,'2012-09-14 11:52:04','M'),(66,'2012-10-08',0,'7','',37.62,0,'2012-09-14 11:52:04','M'),(67,'2012-10-10',0,'10','',430.5,1,'2012-09-14 11:52:04','M'),(68,'2012-10-12',0,'21','',100,1,'2012-09-14 11:52:04','W'),(69,'2012-10-12',0,'13','',31.15,1,'2012-09-14 11:52:05','M'),(70,'2012-10-15',0,'22','',30,1,'2012-09-14 11:52:05','W'),(71,'2012-10-15',0,'14','',6,1,'2012-09-14 11:52:05','M'),(72,'2012-10-15',0,'15','',12,1,'2012-09-14 11:52:05','M'),(73,'2012-10-19',0,'21','',40,1,'2012-09-14 11:52:05','W'),(74,'2012-10-22',0,'22','',30,1,'2012-09-14 11:52:06','W'),(75,'2012-10-25',0,'18','',9.99,0,'2012-09-14 11:52:06','M'),(76,'2012-09-15',0,'37','Night with Logan n Rhianne',50,0,'2012-09-15 16:09:17','D'),(77,'2012-09-15',0,'36','Chinese',10,1,'2012-09-15 18:04:13','D'),(78,'2012-09-16',0,'37','Breakfast n dinner',20,1,'2012-09-16 07:53:49','D'),(79,'2012-09-16',0,'45','',30,1,'2012-09-16 12:01:40','L'),(80,'2012-09-16',0,'27','',30,1,'2012-09-16 12:02:15','L'),(81,'2012-09-16',0,'25','',10,1,'2012-09-16 15:44:52','D'),(82,'2012-09-29',0,'49','',121,1,'2012-09-21 15:52:12','D'),(83,'2012-09-28',0,'53','Heater',60,0,'2012-09-21 16:04:45','D'),(84,'2012-09-30',0,'37','Leighton Train',50,1,'2012-09-21 16:05:09','D'),(85,'2012-09-28',0,'56','Monthly',90,1,'2012-09-21 16:05:25','D'),(86,'2012-10-01',0,'52','',6.5,1,'2012-09-23 09:19:59','D'),(87,'2012-09-27',0,'24','Haircut',30,1,'2012-09-23 09:22:00','D'),(88,'2012-09-29',0,'53','TV cable trunking',2.63,1,'2012-09-23 11:18:29','D'),(90,'2012-09-23',0,'27','',50,1,'2012-09-23 17:38:52','L'),(91,'2012-10-01',0,'53','TV mounting',13.5,1,'2012-09-24 09:59:25','D'),(92,'2012-09-24',0,'27','',10,1,'2012-09-24 12:31:30','L'),(93,'2012-09-25',0,'34','and petrol',20,1,'2012-09-25 16:59:27','D'),(94,'2012-09-25',0,'27','',40,1,'2012-09-25 17:00:49','L'),(95,'2012-09-26',0,'36','Curry',10,1,'2012-09-26 13:39:46','D'),(120,'2012-10-26',0,'21','',100,1,'2012-09-27 15:23:50','W'),(121,'2012-10-29',0,'22','',30,1,'2012-09-27 15:23:50','W'),(122,'2012-10-26',0,'1','',130,1,'2012-09-27 15:23:50','M'),(124,'2012-11-01',0,'21','',100,1,'2012-09-27 15:23:50','W'),(125,'2012-11-01',0,'2','',8.03,1,'2012-09-27 15:23:50','M'),(126,'2012-11-02',0,'3','',70,0,'2012-09-27 15:23:50','M'),(127,'2012-11-05',0,'4','',10,1,'2012-09-27 15:23:50','M'),(128,'2012-11-01',0,'5','',535,1,'2012-09-27 15:23:50','M'),(129,'2012-11-05',0,'6','',11.08,1,'2012-09-27 15:23:50','M'),(130,'2012-11-05',0,'22','',30,1,'2012-09-27 15:23:50','W'),(131,'2012-11-05',0,'20','',62,1,'2012-09-27 15:23:50','M'),(132,'2012-11-08',0,'9','',63.9,1,'2012-09-27 15:23:50','M'),(133,'2012-11-08',0,'8','',26.39,1,'2012-09-27 15:23:50','M'),(134,'2012-11-08',0,'7','',37.62,0,'2012-09-27 15:23:50','M'),(135,'2012-11-09',0,'21','',100,1,'2012-09-27 15:23:51','W'),(136,'2012-11-13',0,'10','',430.5,0,'2012-09-27 15:23:51','M'),(137,'2012-11-11',0,'22','',30,1,'2012-09-27 15:23:51','W'),(138,'2012-11-13',0,'13','',31.15,1,'2012-09-27 15:23:51','M'),(139,'2012-11-15',0,'14','',6,1,'2012-09-27 15:23:51','M'),(140,'2012-11-15',0,'15','',12,1,'2012-09-27 15:23:51','M'),(141,'2012-11-15',0,'21','',100,1,'2012-09-27 15:23:51','W'),(142,'2012-11-18',0,'22','',30,1,'2012-09-27 15:23:51','W'),(143,'2012-11-23',0,'21','',100,1,'2012-09-27 15:23:51','W'),(144,'2012-11-25',0,'18','',9.99,0,'2012-09-27 15:23:51','M'),(145,'2012-11-26',0,'22','',30,1,'2012-09-27 15:23:52','W'),(146,'2012-07-27',0,'21','',0,0,'2012-09-27 21:01:34','W'),(147,'2012-07-30',0,'22','',0,0,'2012-09-27 21:01:34','W'),(148,'2012-08-01',0,'1','',130,1,'2012-09-27 21:01:34','M'),(150,'2012-08-02',0,'2','',8.03,1,'2012-09-27 21:01:34','M'),(151,'2012-08-02',0,'3','',70,1,'2012-09-27 21:01:34','M'),(152,'2012-08-03',0,'21','',0,0,'2012-09-27 21:01:34','W'),(153,'2012-08-03',0,'4','',10,1,'2012-09-27 21:01:34','M'),(154,'2012-08-03',0,'5','',535,1,'2012-09-27 21:01:34','M'),(155,'2012-08-03',0,'6','',11.08,1,'2012-09-27 21:01:34','M'),(156,'2012-08-05',0,'20','',63.2,1,'2012-09-27 21:01:34','M'),(157,'2012-08-06',0,'22','',0,0,'2012-09-27 21:01:34','W'),(158,'2012-08-08',0,'9','',63.9,1,'2012-09-27 21:01:34','M'),(159,'2012-08-08',0,'8','',26.39,1,'2012-09-27 21:01:34','M'),(160,'2012-08-08',0,'7','',37.62,1,'2012-09-27 21:01:34','M'),(161,'2012-08-10',0,'21','',0,0,'2012-09-27 21:01:34','W'),(162,'2012-08-10',0,'10','',430.5,1,'2012-09-27 21:01:34','M'),(163,'2012-08-13',0,'22','',0,0,'2012-09-27 21:01:34','W'),(164,'2012-08-13',0,'13','',31.15,1,'2012-09-27 21:01:34','M'),(165,'2012-08-15',0,'14','',6,1,'2012-09-27 21:01:34','M'),(166,'2012-08-15',0,'15','',12,1,'2012-09-27 21:01:34','M'),(167,'2012-08-17',0,'21','',0,0,'2012-09-27 21:01:34','W'),(168,'2012-08-20',0,'22','',0,0,'2012-09-27 21:01:34','W'),(169,'2012-08-24',0,'21','',0,0,'2012-09-27 21:01:34','W'),(170,'2012-08-25',0,'18','',9.99,0,'2012-09-27 21:01:34','M'),(171,'2012-08-27',0,'22','',0,0,'2012-09-27 21:01:34','W'),(172,'2012-10-02',0,'57','',11.97,1,'2012-09-29 13:40:29','D'),(173,'2012-11-30',0,'21','',100,1,'2012-09-29 14:01:32','W'),(174,'2012-11-30',0,'1','',130,1,'2012-09-29 14:01:32','M'),(176,'2012-11-28',0,'2','',8.03,1,'2012-09-29 14:01:32','M'),(177,'2012-12-03',0,'3','',70,0,'2012-09-29 14:01:32','M'),(178,'2012-12-03',0,'22','',30,1,'2012-09-29 14:01:32','W'),(179,'2012-12-03',0,'4','',10,1,'2012-09-29 14:01:32','M'),(180,'2012-12-03',0,'5','',535,1,'2012-09-29 14:01:32','M'),(181,'2012-12-03',0,'6','',11.08,1,'2012-09-29 14:01:32','M'),(182,'2012-12-05',0,'20','',62,1,'2012-09-29 14:01:32','M'),(183,'2012-12-07',0,'21','',100,1,'2012-09-29 14:01:32','W'),(184,'2012-12-10',0,'9','',63.9,1,'2012-09-29 14:01:32','M'),(185,'2012-12-07',0,'8','',26.39,1,'2012-09-29 14:01:32','M'),(186,'2012-12-10',0,'7','',37.64,1,'2012-09-29 14:01:32','M'),(187,'2012-12-10',0,'22','',30,1,'2012-09-29 14:01:32','W'),(188,'2012-12-10',0,'10','',430.5,0,'2012-09-29 14:01:32','M'),(189,'2012-12-12',0,'13','',31.15,1,'2012-09-29 14:01:32','M'),(190,'2012-12-13',0,'21','',50,1,'2012-09-29 14:01:32','W'),(191,'2012-12-17',0,'14','',6,1,'2012-09-29 14:01:32','M'),(192,'2012-12-14',0,'15','',12,1,'2012-09-29 14:01:32','M'),(193,'2012-12-17',0,'22','',30,1,'2012-09-29 14:01:32','W'),(194,'2012-12-21',0,'21','',50,1,'2012-09-29 14:01:32','W'),(195,'2012-12-24',0,'22','',30,0,'2012-09-29 14:01:32','W'),(196,'2012-12-25',0,'18','',9.99,0,'2012-09-29 14:01:32','M'),(197,'2012-09-29',0,'44','',10,1,'2012-09-30 22:05:51','L'),(198,'2012-09-30',0,'24','Trainers',50,0,'2012-09-30 22:20:58','D'),(199,'2012-09-30',0,'24','',80,0,'2012-09-30 22:21:58','D'),(200,'2012-10-04',0,'53','Picture Frames',16.99,1,'2012-10-02 10:16:30','D'),(202,'2012-10-24',0,'17','',11,1,'2012-10-03 10:20:00','D'),(204,'2012-10-06',0,'27','',60,1,'2012-10-06 07:24:07','L'),(205,'2012-10-13',0,'27','',60,1,'2012-10-13 16:13:32','L'),(206,'2012-10-15',0,'27','',20,1,'2012-10-15 20:08:47','L'),(207,'2012-10-21',0,'27','',30,1,'2012-10-21 10:37:23','L'),(208,'2012-10-26',0,'38','MOT',320,1,'2012-10-22 21:28:50','D'),(209,'2012-10-25',0,'36','Chinese',10,1,'2012-10-25 22:43:00','D'),(210,'2012-10-26',0,'56','Monthly',50,0,'2012-10-25 22:52:31','D'),(211,'2012-10-26',0,'24','Trainers',80,1,'2012-10-25 22:52:57','D'),(212,'2012-10-26',0,'24','',60,1,'2012-10-25 22:53:41','D'),(213,'2012-11-03',0,'37','Fireworks Night',80,1,'2012-10-25 22:54:44','D'),(214,'2012-06-29',0,'21','',0,0,'2012-10-25 23:38:44','W'),(215,'2012-07-01',0,'1','',130,1,'2012-10-25 23:38:44','M'),(217,'2012-07-02',0,'22','',0,0,'2012-10-25 23:38:44','W'),(218,'2012-07-02',0,'2','',8.03,1,'2012-10-25 23:38:44','M'),(219,'2012-07-02',0,'3','',70,1,'2012-10-25 23:38:44','M'),(220,'2012-07-03',0,'4','',10,1,'2012-10-25 23:38:44','M'),(221,'2012-07-03',0,'5','',535,1,'2012-10-25 23:38:44','M'),(222,'2012-07-03',0,'6','',11.08,1,'2012-10-25 23:38:44','M'),(223,'2012-07-05',0,'20','',63.2,1,'2012-10-25 23:38:45','M'),(224,'2012-07-06',0,'21','',0,0,'2012-10-25 23:38:45','W'),(225,'2012-07-08',0,'9','',63.9,1,'2012-10-25 23:38:45','M'),(226,'2012-07-08',0,'8','',26.39,1,'2012-10-25 23:38:45','M'),(227,'2012-07-08',0,'7','',37.62,1,'2012-10-25 23:38:45','M'),(228,'2012-07-09',0,'22','',0,0,'2012-10-25 23:38:45','W'),(229,'2012-07-10',0,'10','',430.5,1,'2012-10-25 23:38:45','M'),(230,'2012-07-13',0,'21','',0,0,'2012-10-25 23:38:45','W'),(231,'2012-07-13',0,'13','',31.15,1,'2012-10-25 23:38:45','M'),(232,'2012-07-15',0,'14','',6,1,'2012-10-25 23:38:45','M'),(233,'2012-07-15',0,'15','',12,1,'2012-10-25 23:38:45','M'),(234,'2012-07-16',0,'22','',0,0,'2012-10-25 23:38:45','W'),(235,'2012-07-20',0,'21','',0,0,'2012-10-25 23:38:45','W'),(236,'2012-07-23',0,'22','',0,0,'2012-10-25 23:38:45','W'),(237,'2012-07-24',0,'17','',0,0,'2012-10-25 23:38:45','M'),(238,'2012-07-25',0,'18','',9.99,0,'2012-10-25 23:38:45','M'),(239,'2012-10-26',0,'27','',40,1,'2012-10-26 11:37:15','L'),(240,'2012-10-26',0,'24','pants and socks',10,1,'2012-10-26 16:35:39','D'),(241,'2012-10-26',0,'25','',20,1,'2012-10-26 16:36:41','D'),(242,'2012-10-26',0,'43','',20,1,'2012-10-26 20:34:36','L'),(243,'2012-10-27',0,'54','',0.99,1,'2012-10-27 12:18:32','D'),(244,'2012-10-27',0,'36','Bingo',40,1,'2012-10-27 22:10:21','D'),(245,'2012-11-02',0,'54','Laptop battery',11.65,1,'2012-10-30 22:43:12','D'),(246,'2012-11-11',0,'10','',430.4,1,'2012-10-30 22:44:38','M'),(247,'2012-10-31',0,'30','Lunch',5,1,'2012-11-01 22:57:45','D'),(248,'2012-10-31',0,'36','Chinese',20,1,'2012-11-01 22:58:00','D'),(249,'2012-11-01',0,'36','Curry',10,1,'2012-11-01 22:58:21','D'),(250,'2012-11-03',0,'27','',50,1,'2012-11-03 12:06:56','L'),(251,'2012-11-11',0,'27','',50,1,'2012-11-11 12:51:40','L'),(252,'2012-11-13',0,'53','3x Pofee`s',20,1,'2012-11-13 12:21:15','D'),(253,'2012-11-13',0,'24','Haircut',20,1,'2012-11-13 14:00:10','D'),(254,'2012-11-14',0,'56','',20,1,'2012-11-14 13:24:39','D'),(255,'2012-11-17',0,'27','',60,1,'2012-11-17 13:42:07','L'),(256,'2012-11-18',0,'27','',20,1,'2012-11-18 11:46:31','L'),(257,'2012-11-18',0,'25','',10,1,'2012-11-19 13:19:05','D'),(258,'2012-11-19',0,'30','',30,1,'2012-11-20 11:15:54','D'),(259,'2012-11-24',0,'17','',2,1,'2012-11-24 20:26:36','M'),(260,'2012-11-24',0,'65','Cover ATM charge',1.74,1,'2012-11-24 20:30:04','L'),(261,'2012-12-28',0,'21','',100,1,'2012-11-29 00:00:29','W'),(262,'2012-12-31',0,'22','',30,1,'2012-11-29 00:00:29','W'),(263,'2012-12-28',0,'1','',130,1,'2012-11-29 00:00:29','M'),(265,'2012-12-31',0,'2','',8.03,1,'2012-11-29 00:00:29','M'),(266,'2013-01-24',0,'62','',70,1,'2012-11-29 00:00:29','D'),(267,'2013-01-03',0,'4','',10,1,'2012-11-29 00:00:29','M'),(268,'2013-01-02',0,'5','',535,1,'2012-11-29 00:00:29','M'),(269,'2013-01-03',0,'6','',11.08,1,'2012-11-29 00:00:29','M'),(270,'2013-01-04',0,'21','',80,1,'2012-11-29 00:00:29','W'),(271,'2013-01-04',0,'20','',65.71,1,'2012-11-29 00:00:30','M'),(272,'2013-01-07',0,'22','',30,1,'2012-11-29 00:00:30','W'),(273,'2013-01-08',0,'9','',63.9,1,'2012-11-29 00:00:30','M'),(274,'2013-01-08',0,'8','',26.39,1,'2012-11-29 00:00:30','M'),(275,'2013-01-08',0,'7','',37.62,0,'2012-11-29 00:00:30','M'),(276,'2013-01-13',0,'10','',448.5,1,'2012-11-29 00:00:30','M'),(277,'2013-01-11',0,'21','',80,1,'2012-11-29 00:00:30','W'),(278,'2013-01-14',0,'13','',31.15,1,'2012-11-29 00:00:30','M'),(279,'2013-01-14',0,'22','',30,1,'2012-11-29 00:00:30','W'),(280,'2013-01-15',0,'14','',6,1,'2012-11-29 00:00:30','M'),(281,'2013-01-15',0,'15','',12,1,'2012-11-29 00:00:30','M'),(282,'2013-01-18',0,'21','',80,1,'2012-11-29 00:00:30','W'),(283,'2013-01-21',0,'22','',50,1,'2012-11-29 00:00:30','W'),(284,'2013-01-24',0,'17','',1,1,'2012-11-29 00:00:30','M'),(285,'2013-01-25',0,'21','',80,1,'2012-11-29 00:00:30','W'),(286,'2013-01-25',0,'18','',9.99,0,'2012-11-29 00:00:30','M'),(287,'2013-01-28',0,'22','',30,0,'2012-11-29 00:00:30','W'),(288,'2012-11-28',0,'34','and food',20,1,'2012-11-29 00:06:45','D'),(291,'2012-11-29',0,'25','',10,1,'2012-11-30 09:00:50','D'),(292,'2012-11-29',0,'34','',10,1,'2012-11-30 09:01:08','D'),(293,'2012-12-22',0,'63','',300,1,'2012-11-30 17:47:05','D'),(294,'2012-12-01',0,'37','Day out with grandad',50,1,'2012-12-01 20:24:27','D'),(295,'2012-12-05',0,'34','and vitamins',20,1,'2012-12-05 22:20:12','D'),(296,'2012-12-06',0,'37','Analyse visit London',60,1,'2012-12-07 17:58:12','D'),(297,'2012-12-09',0,'37','Day out with Mum',100,1,'2012-12-09 11:00:47','D'),(298,'2012-12-09',0,'57','',7.18,1,'2012-12-09 11:01:20','D'),(299,'2012-12-11',0,'10','',430.5,1,'2012-12-11 23:04:44','L'),(300,'2012-12-11',0,'34','',19.5,1,'2012-12-13 14:14:46','D'),(301,'2012-12-15',0,'34','and medication',50,1,'2012-12-20 13:35:59','D'),(302,'2012-12-17',0,'65','',1.73,1,'2012-12-20 13:36:47','D'),(303,'2012-12-18',0,'34','and food',30,1,'2012-12-20 13:37:52','D'),(304,'2012-12-19',0,'63','',57,1,'2012-12-20 13:38:40','D'),(306,'2012-12-24',0,'63','',200,1,'2012-12-26 18:05:03','D'),(307,'2012-12-24',0,'27','',100,1,'2012-12-26 18:06:24','L'),(308,'2012-12-26',0,'17','',11,1,'2012-12-26 18:07:44','M'),(309,'2012-12-29',0,'45','',20,1,'2012-12-31 18:58:30','L'),(311,'2013-01-07',0,'65','',1.5,1,'2013-01-07 11:59:20','D'),(312,'2013-01-12',0,'27','',60,1,'2013-01-12 11:24:34','L'),(313,'2013-01-12',0,'37','Boys night with Rhys n Logan',50,1,'2013-01-12 19:34:11','D'),(314,'2013-02-01',0,'21','',100,1,'2013-01-19 10:56:23','W'),(315,'2013-02-01',0,'1','',130,0,'2013-01-19 10:56:23','M'),(317,'2013-01-30',0,'2','',8.03,1,'2013-01-19 10:56:23','M'),(318,'2013-02-05',0,'3','',20,1,'2013-01-19 10:56:23','M'),(319,'2013-02-04',0,'4','',10,1,'2013-01-19 10:56:23','M'),(320,'2013-02-01',0,'5','',535,1,'2013-01-19 10:56:23','M'),(321,'2013-02-04',0,'6','',11.08,1,'2013-01-19 10:56:23','M'),(322,'2013-02-04',0,'22','',30,1,'2013-01-19 10:56:23','W'),(323,'2013-02-04',0,'20','',9.61,1,'2013-01-19 10:56:23','M'),(324,'2013-02-07',0,'19','',25.15,0,'2013-01-19 10:56:23','M'),(325,'2013-02-08',0,'21','',80,1,'2013-01-19 10:56:23','W'),(326,'2013-02-08',0,'9','',63.9,1,'2013-01-19 10:56:23','M'),(327,'2013-02-07',0,'8','',26.39,1,'2013-01-19 10:56:23','M'),(328,'2013-02-08',0,'7','',37.62,0,'2013-01-19 10:56:23','M'),(329,'2013-02-11',0,'22','',30,1,'2013-01-19 10:56:23','W'),(330,'2013-02-14',0,'10','',448.6,0,'2013-01-19 10:56:23','M'),(331,'2013-02-13',0,'13','',31.15,1,'2013-01-19 10:56:23','M'),(332,'2013-02-15',0,'21','',110,1,'2013-01-19 10:56:23','W'),(333,'2013-02-15',0,'14','',6,1,'2013-01-19 10:56:23','M'),(334,'2013-02-15',0,'15','',12,1,'2013-01-19 10:56:23','M'),(335,'2013-02-18',0,'22','',16,1,'2013-01-19 10:56:23','W'),(336,'2013-02-22',0,'21','',80,0,'2013-01-19 10:56:23','W'),(337,'2013-02-24',0,'17','',7,1,'2013-01-19 10:56:23','M'),(338,'2013-02-25',0,'22','',30,0,'2013-01-19 10:56:23','W'),(339,'2013-02-25',0,'18','',9.99,0,'2013-01-19 10:56:23','M'),(340,'2013-01-14',0,'54','Netbook',40,1,'2013-01-21 09:56:49','D'),(341,'2013-01-24',0,'19','',5,1,'2013-01-25 11:23:05','M'),(342,'2013-01-26',0,'27','',80,1,'2013-01-26 18:10:31','L'),(343,'2013-01-26',0,'37','Chequers',80,1,'2013-01-26 18:11:08','D'),(344,'2013-01-31',0,'54','NAS',21.15,1,'2013-01-31 19:24:40','D'),(345,'2013-01-31',0,'34','',12,1,'2013-01-31 19:25:25','D'),(346,'2013-02-01',0,'22','',500,1,'2013-02-01 22:17:45','D'),(347,'2013-02-07',0,'30','',20,1,'2013-02-07 10:07:46','D'),(348,'2013-02-26',0,'3','',70,0,'2013-02-08 13:17:14','D'),(349,'2013-02-09',0,'55','36 Moorland Gardens',60,1,'2013-02-09 18:17:46','D'),(350,'2013-02-09',0,'27','',30,1,'2013-02-09 18:19:38','L'),(351,'2013-02-09',0,'30','',3.91,1,'2013-02-09 18:20:41','D'),(352,'2013-02-09',0,'61','',50,1,'2013-02-11 10:56:48','D'),(353,'2013-02-12',0,'20','',20,1,'2013-02-13 15:32:54','D'),(354,'2013-02-13',0,'34','',10,1,'2013-02-13 15:33:22','D'),(355,'2013-02-18',0,'10','',200,1,'2013-02-19 19:45:06','D'),(356,'2013-03-01',0,'21','',100,1,'2013-02-20 19:14:16','W'),(357,'2013-03-01',0,'1','',130,0,'2013-02-20 19:14:16','M'),(359,'2013-03-01',0,'2','',8.03,1,'2013-02-20 19:14:16','M'),(360,'2013-03-05',0,'3','',90,1,'2013-02-20 19:14:16','M'),(361,'2013-03-04',0,'4','',10,1,'2013-02-20 19:14:16','M'),(362,'2013-03-01',0,'5','',550,1,'2013-02-20 19:14:16','M'),(363,'2013-03-04',0,'6','',10.99,1,'2013-02-20 19:14:16','M'),(364,'2013-03-04',0,'22','',30,1,'2013-02-20 19:14:16','W'),(365,'2013-03-05',0,'20','',63.2,0,'2013-02-20 19:14:16','M'),(366,'2013-03-07',0,'19','',25.15,0,'2013-02-20 19:14:16','M'),(367,'2013-03-08',0,'21','',40,1,'2013-02-20 19:14:16','W'),(368,'2013-03-13',0,'9','',63.9,0,'2013-02-20 19:14:16','M'),(369,'2013-03-07',0,'8','',26.39,1,'2013-02-20 19:14:16','M'),(370,'2013-03-08',0,'7','',37.62,1,'2013-02-20 19:14:16','M'),(371,'2013-03-10',0,'22','',2.34,1,'2013-02-20 19:14:16','W'),(372,'2013-03-12',0,'10','',448.6,0,'2013-02-20 19:14:16','M'),(373,'2013-03-12',0,'13','',36.99,1,'2013-02-20 19:14:16','M'),(374,'2013-03-15',0,'21','',71,1,'2013-02-20 19:14:16','W'),(375,'2013-03-15',0,'14','',6,1,'2013-02-20 19:14:16','M'),(376,'2013-03-15',0,'15','',12,1,'2013-02-20 19:14:16','M'),(377,'2013-03-18',0,'22','',30,0,'2013-02-20 19:14:16','W'),(378,'2013-03-22',0,'21','',300,1,'2013-02-20 19:14:16','W'),(379,'2013-03-24',0,'17','',0,0,'2013-02-20 19:14:16','M'),(380,'2013-03-25',0,'22','',30,1,'2013-02-20 19:14:16','W'),(381,'2013-03-25',0,'18','',9.99,0,'2013-02-20 19:14:16','M'),(382,'2013-02-23',0,'27','',50,1,'2013-02-24 23:10:51','L'),(383,'2013-02-23',0,'30','',35,1,'2013-02-24 23:11:49','D'),(384,'2013-02-24',0,'53','Speaker Cable & Light',30,1,'2013-02-24 23:12:54','D'),(385,'2013-02-24',0,'10','',115,1,'2013-02-24 23:15:17','D'),(386,'2013-02-25',0,'64','',40,1,'2013-02-25 19:55:06','D'),(387,'2013-02-26',0,'20','',25,1,'2013-02-26 14:47:22','M'),(388,'2013-02-26',0,'1','',130,1,'2013-02-26 14:54:24','M'),(389,'2013-02-28',0,'64','',20,1,'2013-03-01 13:23:58','D'),(390,'2013-03-02',0,'36','Bingo & Breakfast, rhys hair, petrol, shirt, banana plugs',180,1,'2013-03-02 10:48:36','D'),(391,'2013-03-02',0,'64','',50,1,'2013-03-02 10:49:39','D'),(392,'2013-03-02',0,'27','',100,1,'2013-03-02 10:50:23','L'),(393,'2013-03-03',0,'10','',448.6,1,'2013-03-03 22:44:22','M'),(394,'2013-03-05',0,'22','',150,1,'2013-03-05 15:59:32','D'),(395,'2013-03-05',0,'36','Chinese with jen',14.33,1,'2013-03-05 23:47:31','D'),(396,'2013-03-25',0,'17','',8,1,'2013-03-05 23:50:48','D'),(397,'2013-03-06',0,'30','',20,1,'2013-03-06 23:16:31','D'),(398,'2013-03-09',0,'27','',20,1,'2013-03-09 18:35:54','L'),(399,'2013-03-10',0,'37','Shana Travel',10,1,'2013-03-10 14:24:40','D'),(400,'2013-03-10',0,'22','',20,1,'2013-03-10 14:27:56','D'),(401,'2013-03-28',0,'21','',100,1,'2013-03-11 21:22:09','W'),(402,'2013-04-01',0,'22','',30,1,'2013-03-11 21:22:10','W'),(403,'2013-03-30',0,'1','',100,1,'2013-03-11 21:22:10','M'),(405,'2013-04-05',0,'2','',8.33,1,'2013-03-11 21:22:10','M'),(406,'2013-04-01',0,'3','',70,1,'2013-03-11 21:22:10','M'),(407,'2013-04-03',0,'4','',10,1,'2013-03-11 21:22:10','M'),(408,'2013-04-02',0,'5','',550,1,'2013-03-11 21:22:10','M'),(409,'2013-04-03',0,'6','',10.99,1,'2013-03-11 21:22:10','M'),(410,'2013-04-05',0,'21','',100,1,'2013-03-11 21:22:10','W'),(411,'2013-04-29',0,'20','',23.08,1,'2013-03-11 21:22:10','M'),(412,'2013-04-18',0,'19','',25.15,1,'2013-03-11 21:22:10','M'),(413,'2013-04-08',0,'22','',30,1,'2013-03-11 21:22:10','W'),(414,'2013-04-08',0,'9','',75.08,1,'2013-03-11 21:22:10','M'),(415,'2013-04-08',0,'8','',26.39,1,'2013-03-11 21:22:10','M'),(416,'2013-04-08',0,'7','',37.62,0,'2013-03-11 21:22:10','M'),(417,'2013-04-12',0,'21','',80,1,'2013-03-11 21:22:10','W'),(418,'2013-04-03',0,'10','',448.6,1,'2013-03-11 21:22:10','M'),(419,'2013-04-12',0,'13','',36.99,1,'2013-03-11 21:22:10','M'),(420,'2013-04-15',0,'22','',30,1,'2013-03-11 21:22:10','W'),(421,'2013-04-15',0,'14','',6,1,'2013-03-11 21:22:10','M'),(422,'2013-04-15',0,'15','',12,1,'2013-03-11 21:22:10','M'),(423,'2013-04-19',0,'21','',56.53,1,'2013-03-11 21:22:10','W'),(424,'2013-04-22',0,'22','',28.63,1,'2013-03-11 21:22:10','W'),(425,'2013-04-24',0,'17','',6,1,'2013-03-11 21:22:10','M'),(426,'2013-04-25',0,'18','',9.99,0,'2013-03-11 21:22:10','M'),(427,'2013-03-11',0,'56','',2.11,1,'2013-03-11 21:27:20','D'),(428,'2013-03-12',0,'3','',30,1,'2013-03-14 12:19:43','D'),(429,'2013-03-13',0,'58','',35,1,'2013-03-14 12:20:03','D'),(430,'2013-03-26',0,'20','',38.32,1,'2013-03-14 12:51:42','M'),(431,'2013-03-19',0,'1','',795,1,'2013-03-17 21:47:21','M'),(432,'2013-03-26',0,'49','',100,0,'2013-03-17 21:53:32','M'),(433,'2013-03-18',0,'37','Shana Travel',10,1,'2013-03-18 16:21:19','D'),(434,'2013-03-18',0,'27','',20,1,'2013-03-18 16:21:36','L'),(435,'2013-03-16',0,'50','',10,1,'2013-03-18 16:22:46','D'),(436,'2013-03-20',0,'30','',10,1,'2013-03-20 12:38:52','D'),(437,'2013-03-20',0,'54','App Purchase',1.5,1,'2013-03-20 14:50:15','D'),(438,'2013-03-20',0,'37','Hungry Horse',35,1,'2013-03-21 13:32:56','D'),(439,'2013-03-21',0,'30','',20,1,'2013-03-21 13:33:22','D'),(440,'2013-03-22',0,'27','',20,1,'2013-03-23 13:32:55','L'),(441,'2013-03-22',0,'51','',6.99,1,'2013-03-23 13:33:41','D'),(442,'2013-03-23',0,'56','',70,1,'2013-03-24 14:48:58','D'),(443,'2013-03-24',0,'50','',5,1,'2013-03-24 15:04:27','D'),(444,'2013-04-01',0,'37','Day out with Mum',108,1,'2013-03-30 13:27:12','D'),(445,'2013-04-13',0,'23','Rhianne',100,1,'2013-03-30 13:29:18','D'),(446,'2013-04-17',0,'23','Shana',60,1,'2013-03-30 13:30:07','D'),(447,'2013-03-30',0,'33','Holiday',200,1,'2013-03-30 13:30:37','D'),(448,'2013-03-30',0,'36','Bingo',60,1,'2013-03-30 13:31:10','D'),(449,'2013-03-31',0,'36','Curry',10,1,'2013-04-01 07:28:20','D'),(450,'2013-04-01',0,'59','',20,1,'2013-04-01 17:41:47','D'),(451,'2013-04-03',0,'50','',10,1,'2013-04-03 11:42:40','D'),(452,'2013-04-06',0,'49','',130,1,'2013-04-03 13:53:15','D'),(453,'2013-04-05',0,'27','',20,1,'2013-04-06 09:54:20','D'),(454,'2013-04-06',0,'36','Chinese with jen & children',42.51,1,'2013-04-06 16:31:36','D'),(455,'2013-04-07',0,'56','',21.09,1,'2013-04-08 10:10:51','D'),(456,'2013-04-10',0,'57','',20.38,1,'2013-04-10 11:59:33','D'),(457,'2013-04-09',0,'56','',20,1,'2013-04-10 11:59:58','D'),(458,'2013-04-10',0,'30','',20,1,'2013-04-10 12:00:23','D'),(459,'2013-04-09',0,'3','',11.75,1,'2013-04-10 12:02:51','D'),(460,'2013-04-13',0,'23','Callums guitar',37.99,1,'2013-04-11 19:44:34','D'),(461,'2013-04-11',0,'30','',20,1,'2013-04-11 19:45:02','D'),(462,'2013-04-11',0,'36','Chinese',10.5,1,'2013-04-11 20:05:16','D'),(463,'2013-04-12',0,'23','Shana',71.14,1,'2013-04-13 08:57:59','D'),(464,'2013-04-13',0,'27','',30,1,'2013-04-14 17:59:08','D'),(465,'2013-04-16',0,'3','',21,1,'2013-04-16 11:49:49','D'),(466,'2013-04-16',0,'53','Coffee Capsules',20.65,1,'2013-04-16 22:42:28','D'),(467,'2013-04-20',0,'30','',6.1,1,'2013-04-20 20:08:58','D'),(468,'2013-04-21',0,'27','',30,1,'2013-04-21 12:27:23','L'),(469,'2013-04-21',0,'56','',30,1,'2013-04-21 12:27:48','D'),(470,'2013-04-27',0,'21','',200,1,'2013-04-21 12:30:49','W'),(471,'2013-04-26',0,'20','',23.08,0,'2013-04-21 12:30:49','M'),(472,'2013-04-29',0,'22','',30,1,'2013-04-21 12:30:49','W'),(473,'2013-04-29',0,'1','',100,1,'2013-04-21 12:30:49','M'),(475,'2013-04-30',0,'2','',8.33,1,'2013-04-21 12:30:49','M'),(476,'2013-05-07',0,'3','',70,0,'2013-04-21 12:30:49','M'),(477,'2013-05-03',0,'21','',100,1,'2013-04-21 12:30:49','W'),(478,'2013-05-03',0,'4','',10,1,'2013-04-21 12:30:49','M'),(479,'2013-05-01',0,'5','',550,1,'2013-04-21 12:30:49','M'),(480,'2013-05-03',0,'6','',10.99,1,'2013-04-21 12:30:49','M'),(481,'2013-05-06',0,'22','',30,1,'2013-04-21 12:30:49','W'),(482,'2013-05-08',0,'9','',72,1,'2013-04-21 12:30:49','M'),(483,'2013-05-09',0,'8','',26.39,1,'2013-04-21 12:30:49','M'),(484,'2013-05-08',0,'7','',37.62,0,'2013-04-21 12:30:49','M'),(485,'2013-05-09',0,'21','',90.44,1,'2013-04-21 12:30:49','W'),(486,'2013-05-07',0,'10','',440,1,'2013-04-21 12:30:49','M'),(487,'2013-05-13',0,'22','',30.4,1,'2013-04-21 12:30:49','W'),(488,'2013-05-13',0,'13','',36.99,1,'2013-04-21 12:30:49','M'),(489,'2013-05-15',0,'14','',6,1,'2013-04-21 12:30:49','M'),(490,'2013-05-15',0,'15','',12,1,'2013-04-21 12:30:49','M'),(491,'2013-05-17',0,'21','',80,1,'2013-04-21 12:30:49','W'),(492,'2013-05-19',0,'22','',30,1,'2013-04-21 12:30:49','W'),(493,'2013-05-24',0,'21','',100,1,'2013-04-21 12:30:49','W'),(494,'2013-05-24',0,'17','',14,1,'2013-04-21 12:30:49','M'),(495,'2013-05-25',0,'18','',9.99,0,'2013-04-21 12:30:49','M'),(496,'2013-05-25',0,'19','',25.15,0,'2013-04-21 12:30:49','M'),(497,'2013-05-28',0,'20','',43.81,1,'2013-04-21 12:30:49','M'),(498,'2013-05-28',0,'22','',30,1,'2013-04-21 12:30:49','W'),(499,'2013-04-22',0,'37','Children staying with Jennie',10,1,'2013-04-22 12:03:38','D'),(500,'2013-04-23',0,'3','',1,1,'2013-04-23 11:17:15','D'),(501,'2013-04-26',0,'60','For Children',30,1,'2013-04-27 09:41:45','D'),(502,'2013-04-27',0,'32','',100,1,'2013-04-27 12:00:18','D'),(503,'2013-04-27',0,'37','Children staying with Jennie',20,1,'2013-04-27 12:01:08','D'),(504,'2013-05-01',0,'24','T shirts',22.98,1,'2013-05-01 10:39:01','D'),(505,'2013-05-01',0,'30','',30,1,'2013-05-01 20:16:16','D'),(506,'2013-05-04',0,'23','Callums guitar',40,1,'2013-05-05 09:18:25','D'),(507,'2013-05-04',0,'36','Bingo',45,1,'2013-05-05 09:18:46','D'),(508,'2013-05-05',0,'32','Southend',100,1,'2013-05-05 09:19:34','D'),(509,'2013-05-07',0,'57','freelance-webdeveloper.com',20.38,1,'2013-05-07 19:09:15','D'),(510,'2013-05-08',0,'36','Chinese',14,1,'2013-05-08 19:15:00','D'),(511,'2013-05-11',0,'16','',30,1,'2013-05-12 13:21:51','D'),(512,'2013-05-11',0,'36','',15,1,'2013-05-12 13:22:13','D'),(513,'2013-05-12',0,'37','MoatHouse',50,1,'2013-05-12 13:22:51','D'),(514,'2013-05-14',0,'50','',20,1,'2013-05-14 08:51:05','D'),(515,'2013-05-14',0,'3','',10,1,'2013-05-14 14:35:53','D'),(516,'2013-05-15',0,'56','',20,1,'2013-05-15 13:25:58','D'),(517,'2013-05-15',0,'36','Chinese',11.8,1,'2013-05-15 18:50:55','D'),(518,'2013-05-16',0,'36','Chinese',11,1,'2013-05-16 17:39:09','D'),(519,'2013-05-18',0,'23','Greg',30,1,'2013-05-21 13:03:35','D'),(520,'2013-05-19',0,'36','Curry',18,1,'2013-05-21 13:04:04','D'),(521,'2013-05-21',0,'3','',1.74,1,'2013-05-21 13:05:08','D'),(522,'2013-05-21',0,'56','',20,1,'2013-05-23 13:40:03','D'),(523,'2013-05-23',0,'3','',20,1,'2013-05-23 13:40:33','D'),(524,'2013-05-26',0,'37','Dinner',20,1,'2013-05-27 11:20:15','D'),(525,'2013-05-27',0,'56','',20,1,'2013-05-27 11:21:19','D'),(526,'2013-05-31',0,'21','',100,1,'2013-05-30 12:03:33','W'),(527,'2013-06-01',0,'1','',100,1,'2013-05-30 12:03:33','M'),(529,'2013-05-30',0,'2','',8.33,1,'2013-05-30 12:03:33','M'),(530,'2013-06-04',0,'3','',70,1,'2013-05-30 12:03:33','M'),(531,'2013-06-03',0,'22','',50,1,'2013-05-30 12:03:33','W'),(532,'2013-06-03',0,'4','',10,1,'2013-05-30 12:03:33','M'),(533,'2013-06-03',0,'5','',550,1,'2013-05-30 12:03:33','M'),(534,'2013-06-03',0,'6','',10.99,1,'2013-05-30 12:03:33','M'),(535,'2013-06-07',0,'21','',100,1,'2013-05-30 12:03:33','W'),(536,'2013-06-10',0,'9','',72,1,'2013-05-30 12:03:33','M'),(537,'2013-06-06',0,'8','',26.39,1,'2013-05-30 12:03:33','M'),(538,'2013-06-10',0,'7','',37.62,1,'2013-05-30 12:03:33','M'),(539,'2013-06-10',0,'22','',30,1,'2013-05-30 12:03:33','W'),(540,'2013-06-07',0,'10','',448.6,1,'2013-05-30 12:03:33','M'),(541,'2013-06-12',0,'13','',46.99,1,'2013-05-30 12:03:33','M'),(542,'2013-06-14',0,'21','',70,1,'2013-05-30 12:03:33','W'),(543,'2013-06-17',0,'14','',6,1,'2013-05-30 12:03:33','M'),(544,'2013-06-17',0,'15','',12,1,'2013-05-30 12:03:33','M'),(545,'2013-06-16',0,'22','',30,1,'2013-05-30 12:03:33','W'),(546,'2013-06-21',0,'21','',50,1,'2013-05-30 12:03:33','W'),(547,'2013-06-24',0,'22','',30,0,'2013-05-30 12:03:33','W'),(548,'2013-06-25',0,'17','',12,1,'2013-05-30 12:03:33','M'),(549,'2013-06-25',0,'18','',9.99,0,'2013-05-30 12:03:33','M'),(550,'2013-06-25',0,'19','',25.15,0,'2013-05-30 12:03:33','M'),(552,'2013-05-30',0,'3','',20,1,'2013-05-30 12:07:41','D'),(553,'2013-05-30',0,'36','Chinese',10,1,'2013-05-30 12:07:52','D'),(554,'2013-06-01',0,'66','',81.33,1,'2013-06-01 15:41:16','D'),(555,'2013-06-01',0,'36','Chinese',10,1,'2013-06-01 15:45:20','D'),(556,'2013-06-23',0,'16','',78.18,1,'2013-06-01 15:52:05','M'),(560,'2013-06-22',0,'23','Rhys',100,1,'2013-06-01 16:26:45','D'),(561,'2013-06-02',0,'37','London',100,1,'2013-06-03 11:08:46','D'),(586,'2013-06-04',0,'24','Haircut',20,1,'2013-06-04 10:40:19','D'),(587,'2013-06-06',0,'56','',20,1,'2013-06-06 11:56:05','D'),(588,'2013-06-06',0,'25','',10,1,'2013-06-06 20:22:19','D'),(589,'2013-06-11',0,'41','Rhys',33.5,1,'2013-06-09 09:38:55','D'),(590,'2013-06-09',0,'56','',30,1,'2013-06-09 10:27:47','D'),(591,'2013-06-09',0,'54','Laptop',60,1,'2013-06-09 11:44:30','D'),(592,'2013-06-09',0,'25','',20,1,'2013-06-10 11:41:48','D'),(593,'2013-06-12',0,'36','Curry',10,1,'2013-06-12 18:05:22','D'),(594,'2013-06-14',0,'62','',40,1,'2013-06-14 10:45:07','D'),(595,'2013-06-14',0,'36','Chinese',10,1,'2013-06-14 10:45:26','D'),(596,'2013-06-15',0,'56','',17,1,'2013-06-15 16:42:49','D'),(597,'2013-06-15',0,'36','',40,1,'2013-06-15 16:43:53','D'),(749,'2013-06-17',0,'38','Idling problem',100,1,'2013-06-17 20:00:36','D'),(750,'2013-06-19',0,'30','Lunch',20,1,'2013-06-19 11:30:39','D'),(751,'2013-06-18',0,'22','',300,0,'2013-06-21 11:06:12','D'),(752,'2013-06-18',0,'36','Curry',20,1,'2013-06-21 11:07:56','D'),(753,'2013-06-19',0,'36','Curry',2,1,'2013-06-21 11:08:53','D'),(754,'2013-06-20',0,'62','',30,1,'2013-06-21 11:09:22','D'),(755,'2013-06-22',0,'25','',20,1,'2013-06-22 09:17:32','D'),(756,'2013-06-22',0,'64','',40,1,'2013-06-22 09:18:09','D'),(757,'2013-06-22',0,'24','Bovingdon market',40,1,'2013-06-23 19:36:30','D'),(758,'2013-06-23',0,'37','MoatHouse',50,1,'2013-06-23 19:37:02','D'),(759,'2013-06-26',0,'37','School uniform for Analyse',60,1,'2013-06-26 17:58:53','D'),(760,'2013-06-26',0,'25','',9.62,0,'2013-06-26 17:59:23','D'),(761,'2013-06-26',0,'25','',9.64,1,'2013-06-26 17:59:26','D'),(762,'2013-06-26',0,'37','Rhys Haircut',10,1,'2013-06-27 08:41:38','D'),(763,'2013-06-26',0,'36','Curry with jen',20,1,'2013-06-27 08:41:56','D');
/*!40000 ALTER TABLE `paymentsOut` ENABLE KEYS */;
UNLOCK TABLES;

--
-- Table structure for table `tag`
--

DROP TABLE IF EXISTS `tag`;
/*!40101 SET @saved_cs_client     = @@character_set_client */;
/*!40101 SET character_set_client = utf8 */;
CREATE TABLE `tag` (
  `id` int(11) NOT NULL AUTO_INCREMENT,
  `name` varchar(255) COLLATE utf8_unicode_ci NOT NULL,
  `created` datetime NOT NULL,
  `active` tinyint(1) NOT NULL,
  PRIMARY KEY (`id`)
) ENGINE=InnoDB DEFAULT CHARSET=utf8 COLLATE=utf8_unicode_ci;
/*!40101 SET character_set_client = @saved_cs_client */;

--
-- Dumping data for table `tag`
--

LOCK TABLES `tag` WRITE;
/*!40000 ALTER TABLE `tag` DISABLE KEYS */;
/*!40000 ALTER TABLE `tag` ENABLE KEYS */;
UNLOCK TABLES;

--
-- Table structure for table `transaction`
--

DROP TABLE IF EXISTS `transaction`;
/*!40101 SET @saved_cs_client     = @@character_set_client */;
/*!40101 SET character_set_client = utf8 */;
CREATE TABLE `transaction` (
  `id` int(11) NOT NULL AUTO_INCREMENT,
  `date_id` int(11) DEFAULT NULL,
  `payment_id` int(11) DEFAULT NULL,
  `comment` longtext COLLATE utf8_unicode_ci NOT NULL,
  `amount` decimal(10,2) NOT NULL,
  `active` tinyint(1) NOT NULL,
  `created` datetime NOT NULL,
  PRIMARY KEY (`id`),
  KEY `IDX_723705D1B897366B` (`date_id`),
  KEY `IDX_723705D14C3A3BB` (`payment_id`),
  CONSTRAINT `FK_723705D14C3A3BB` FOREIGN KEY (`payment_id`) REFERENCES `payment` (`id`),
  CONSTRAINT `FK_723705D1B897366B` FOREIGN KEY (`date_id`) REFERENCES `date` (`id`)
) ENGINE=InnoDB AUTO_INCREMENT=493 DEFAULT CHARSET=utf8 COLLATE=utf8_unicode_ci;
/*!40101 SET character_set_client = @saved_cs_client */;

--
-- Dumping data for table `transaction`
--

LOCK TABLES `transaction` WRITE;
/*!40000 ALTER TABLE `transaction` DISABLE KEYS */;
INSERT INTO `transaction` VALUES (1,1,21,'','-100.00',1,'2013-07-05 11:53:58'),(2,4,22,'','-10.00',1,'2013-07-05 11:53:58'),(3,3,1,'','-100.00',1,'2013-07-05 11:53:58'),(4,1,12,'','2324.65',1,'2013-07-05 11:53:58'),(5,1,2,'','-8.33',1,'2013-07-05 11:53:58'),(6,5,3,'','-70.00',1,'2013-07-05 11:53:58'),(7,6,4,'','-10.00',1,'2013-07-05 11:53:58'),(8,4,5,'','-550.00',1,'2013-07-05 11:53:58'),(9,6,6,'','-10.99',1,'2013-07-05 11:53:58'),(10,8,21,'','-100.00',1,'2013-07-05 11:53:58'),(11,10,22,'','-20.00',1,'2013-07-05 11:53:58'),(12,11,7,'','-37.62',0,'2013-07-05 11:53:58'),(13,11,8,'','-26.39',1,'2013-07-05 11:53:58'),(14,11,9,'','-72.00',1,'2013-07-05 11:53:58'),(15,15,21,'','-80.00',1,'2013-07-05 11:53:58'),(16,10,10,'','-448.60',1,'2013-07-05 11:53:58'),(17,14,11,'','448.60',1,'2013-07-05 11:53:58'),(18,15,13,'','-46.99',1,'2013-07-05 11:53:58'),(19,18,22,'','-30.00',1,'2013-07-05 11:53:58'),(20,18,14,'','-6.00',1,'2013-07-05 11:53:58'),(21,18,15,'','-12.00',1,'2013-07-05 11:53:58'),(22,22,21,'','-80.00',1,'2013-07-05 11:53:58'),(23,24,22,'','-30.00',1,'2013-07-05 11:53:58'),(24,26,16,'','-78.18',1,'2013-07-05 11:53:58'),(25,49,17,'','-9.00',1,'2013-07-05 11:53:58'),(26,28,19,'','-25.15',0,'2013-07-05 11:53:58'),(27,1,20,'','-43.68',1,'2013-07-05 12:25:01'),(28,2,23,'Jordan\'s Birthday at Bovingdon','-100.00',1,'2013-07-05 12:28:35'),(29,2,24,'Bovingdon','-110.00',1,'2013-07-05 12:30:34'),(30,2,27,'Jordan\'s Birthday','-150.00',1,'2013-07-05 12:33:15'),(31,2,25,'','-20.00',1,'2013-07-05 12:34:34'),(32,4,28,'Purchase Computer','-150.00',1,'2013-07-05 12:39:37'),(33,4,29,'Curry','-1.00',1,'2013-07-05 12:42:44'),(34,6,29,'Curry','-12.50',1,'2013-07-06 08:46:53'),(35,7,30,'','-20.00',1,'2013-07-06 08:48:46'),(36,8,27,'','100.00',1,'2013-07-06 08:50:40'),(37,20,27,'&pound;20 of this is towards Saturdays cabs and food','100.00',1,'2013-07-06 08:53:35'),(38,20,23,'Logan\'s Birthday','-80.00',1,'2013-07-06 09:00:40'),(39,29,21,'','-103.35',1,'2013-07-06 09:09:09'),(40,32,20,'','-43.68',1,'2013-07-06 09:09:09'),(41,32,22,'','-30.00',1,'2013-07-06 09:09:09'),(42,29,1,'','-100.00',1,'2013-07-06 09:09:09'),(43,35,5,'','-550.00',1,'2013-07-06 09:09:09'),(44,29,12,'','2324.65',1,'2013-07-06 09:09:09'),(45,36,21,'','-100.00',1,'2013-07-06 09:09:09'),(46,36,2,'','-8.03',1,'2013-07-06 09:09:09'),(47,33,3,'','-70.00',1,'2013-07-06 09:09:09'),(48,37,4,'','-10.00',1,'2013-07-06 09:09:09'),(49,37,6,'','-11.08',1,'2013-07-06 09:09:09'),(50,39,22,'','-30.00',1,'2013-07-06 09:09:09'),(51,42,7,'','-37.62',0,'2013-07-06 09:09:09'),(52,42,8,'','-26.39',1,'2013-07-06 09:09:09'),(53,42,9,'','-72.00',1,'2013-07-06 09:09:09'),(54,43,21,'','-100.00',1,'2013-07-06 09:09:09'),(55,46,22,'','-30.00',1,'2013-07-06 09:09:09'),(56,46,10,'','-448.60',1,'2013-07-06 09:09:09'),(57,46,11,'','448.60',1,'2013-07-06 09:09:09'),(58,46,13,'','-46.99',1,'2013-07-06 09:09:09'),(59,49,14,'','-6.00',1,'2013-07-06 09:09:09'),(60,49,15,'','-12.00',1,'2013-07-06 09:09:09'),(61,50,21,'','-100.00',1,'2013-07-06 09:09:09'),(62,53,22,'','-30.00',1,'2013-07-06 09:09:09'),(63,56,16,'','-78.18',1,'2013-07-06 09:09:09'),(64,57,21,'','-150.00',0,'2013-07-06 09:09:09'),(65,58,17,'','0.00',1,'2013-07-06 09:09:09'),(66,59,19,'','-25.15',0,'2013-07-06 09:09:09'),(67,60,22,'','-50.00',0,'2013-07-06 09:09:09'),(68,60,20,'','-43.68',1,'2013-07-06 09:09:09'),(69,9,37,'Chicken George for the children','-40.00',1,'2013-07-07 10:58:58'),(70,9,25,'','-20.00',1,'2013-07-07 11:08:30'),(71,9,27,'Taxi\'s, and food','-20.00',1,'2013-07-07 11:09:19'),(72,10,29,'Mistaken debit','-12.50',1,'2013-07-07 19:11:40'),(73,14,31,'Just Eat order failure','12.50',1,'2013-07-07 19:16:37'),(74,30,23,'Analyse\'s Birthday','-100.00',1,'2013-07-07 19:17:42'),(75,58,33,'Holiday','50.00',0,'2013-07-07 19:25:52'),(76,58,32,'','-500.00',1,'2013-07-07 19:27:10'),(77,12,30,'Out of money','-10.00',1,'2013-07-09 13:14:32'),(78,12,34,'','-10.00',1,'2013-07-09 13:16:15'),(79,12,29,'Pizza with Jennie','-20.00',1,'2013-07-10 11:25:50'),(80,13,35,'Initial Payment','-18.00',1,'2013-07-10 14:20:12'),(81,13,30,'','-1.45',1,'2013-07-10 14:23:29'),(82,36,35,'','-18.00',1,'2013-07-10 14:24:55'),(83,14,30,'','-20.00',1,'2013-07-12 14:30:12'),(84,16,37,'Leighton with Children & Grandad','-50.00',1,'2013-07-14 15:04:32'),(85,17,29,'Curry','-10.00',1,'2013-07-15 09:34:15'),(86,20,32,'My payment','-150.00',1,'2013-07-16 10:43:12'),(87,19,30,'','-20.00',1,'2013-07-16 10:44:40'),(88,20,30,'ATM fee','-1.22',1,'2013-07-17 12:57:04'),(89,21,29,'Curry with Jennie','-20.00',1,'2013-07-20 10:57:48'),(90,23,23,'Party food','-14.00',1,'2013-07-21 21:06:39'),(91,16,36,'','-50.00',1,'2013-07-21 21:09:12'),(92,23,36,'English Rose','-20.00',1,'2013-07-21 21:10:13'),(93,24,37,'Sunday Roast','-32.99',1,'2013-07-21 21:15:11'),(94,24,27,'','-10.00',1,'2013-07-21 21:15:53'),(95,24,33,'','60.00',1,'2013-07-21 21:16:56'),(96,63,27,'','150.00',1,'2013-07-21 21:19:47'),(97,30,33,'','-100.00',0,'2013-07-21 21:20:18'),(98,29,33,'','-60.00',0,'2013-07-21 21:20:49'),(99,64,21,'','-150.00',1,'2013-07-21 23:20:39'),(100,66,1,'','-100.00',1,'2013-07-21 23:20:39'),(101,66,5,'','-550.00',1,'2013-07-21 23:20:39'),(102,66,12,'','2324.65',1,'2013-07-21 23:20:39'),(103,67,22,'','-50.00',1,'2013-07-21 23:20:39'),(104,67,2,'','-8.03',1,'2013-07-21 23:20:39'),(105,67,3,'','-70.00',1,'2013-07-21 23:20:39'),(106,67,35,'','-18.00',1,'2013-07-21 23:20:39'),(107,68,4,'','-10.00',1,'2013-07-21 23:20:39'),(108,68,6,'','-11.08',1,'2013-07-21 23:20:39'),(109,71,21,'','-150.00',1,'2013-07-21 23:20:39'),(110,73,7,'','-37.62',1,'2013-07-21 23:20:39'),(111,73,8,'','-26.39',1,'2013-07-21 23:20:39'),(112,73,9,'','-72.00',1,'2013-07-21 23:20:39'),(113,74,22,'','-50.00',1,'2013-07-21 23:20:39'),(114,77,10,'','-448.60',1,'2013-07-21 23:20:39'),(115,77,11,'','448.60',1,'2013-07-21 23:20:39'),(116,77,13,'','-46.99',1,'2013-07-21 23:20:39'),(117,78,21,'','-150.00',1,'2013-07-21 23:20:39'),(118,80,14,'','-6.00',1,'2013-07-21 23:20:39'),(119,80,15,'','-12.00',1,'2013-07-21 23:20:39'),(120,81,22,'','-50.00',1,'2013-07-21 23:20:39'),(121,85,21,'','-150.00',1,'2013-07-21 23:20:39'),(122,87,16,'','-78.18',1,'2013-07-21 23:20:39'),(123,88,22,'','-50.00',1,'2013-07-21 23:20:39'),(124,89,17,'','0.00',1,'2013-07-21 23:20:39'),(125,90,19,'','-25.15',1,'2013-07-21 23:20:39'),(126,91,20,'','-43.68',1,'2013-07-21 23:20:39'),(127,26,38,'idling problem','-63.00',1,'2013-07-23 22:44:00'),(128,26,30,'change from car repair','-7.00',1,'2013-07-23 22:44:51'),(129,26,33,'For car repairs','70.00',1,'2013-07-23 22:45:29'),(130,26,30,'','-1.00',1,'2013-07-24 19:49:06'),(131,28,33,'Cover the magazine subscription','10.00',1,'2013-07-24 19:51:35'),(132,33,39,'Senior Seminar','-25.00',1,'2013-07-26 15:54:08'),(133,33,40,'Rhys uniform','-35.00',1,'2013-07-26 15:54:44'),(134,29,27,'Completely skint','-40.00',1,'2013-07-26 20:00:14'),(135,31,27,'No Electric','-20.00',1,'2013-07-28 11:54:20'),(136,41,27,'Electric repaid','20.00',1,'2013-07-28 11:55:04');
/*!40000 ALTER TABLE `transaction` ENABLE KEYS */;
UNLOCK TABLES;
/*!40103 SET TIME_ZONE=@OLD_TIME_ZONE */;

/*!40101 SET SQL_MODE=@OLD_SQL_MODE */;
/*!40014 SET FOREIGN_KEY_CHECKS=@OLD_FOREIGN_KEY_CHECKS */;
/*!40014 SET UNIQUE_CHECKS=@OLD_UNIQUE_CHECKS */;
/*!40101 SET CHARACTER_SET_CLIENT=@OLD_CHARACTER_SET_CLIENT */;
/*!40101 SET CHARACTER_SET_RESULTS=@OLD_CHARACTER_SET_RESULTS */;
/*!40101 SET COLLATION_CONNECTION=@OLD_COLLATION_CONNECTION */;
/*!40111 SET SQL_NOTES=@OLD_SQL_NOTES */;

-- Dump completed on 2013-07-30  9:59:10
